# DIN 5480-2:2015-03 名义表 续2 合并 — 旧 355 行(p11..p27，取自 DIN5480-2_名义表_merged.csv 原样) + 本轮 p29..p41（A续2=逐列连通域 OCR, B续2=网格条带 OCR）
# 生成脚本: ~/桌面/OCSM/review/make_din5480_续2_merged.py；审计追加文件为 DIN5480-2_名义表_merged.csv（未改动）
# 数值未手工修改；双源冲突按 d=m*z / d_b≈d*cos30 排版值 / e2 公式 / row_fitness 机械裁决，逐格记录 xchk:*
# p35 源图数据区整体乱码：47 行保留 B 读数并逐行标 unresolved:source_p35_data_region_garbled（不建议使用该页数值）
# 页脚非数据带 p33#45 / p35#48 / p37#54 已剔除（审计文件中仍有，flags 可见）；同模数检验页 band 计数可为证
# columns: page,m,table_no,d_B,z,d,d_b,x1_m,e2_s1,d_f2,A_df2,d_Ff2min,d_a2,d_a1,d_Ff1max,d_f1,A_df1,flags,source
# 入库清理（2026-09-21，OpenCADStudio）：剔除 p35（m=5）整页 47 行 —— 源图数据区渲染缺陷、双源 OCR 互不一致
#   （逐行 flags 标 unresolved:source_p35_data_region_garbled 与 merged_chk:*）；其余 618 行数值一字未改。
# 追加（2026-09-21，OpenCADStudio）：并入 m=1.5 共 56 行（用户截图 1 OCR，source=user_screenshot_1；page/table_no 为截图语义，非 PDF 页号）。
#   r15（d_B=26,z=16）的 d_b 按该行 flags 反推修正为 20,7846（原读 29,785 与 vote_suspect 证据仍见 flags）；其余格保持原值，flags/source 原样带入。
# 已知缺失档位：仅 m=5（p35 已整页剔除）；m=1.5 已由用户截图补入。页脚非数据带 p33#45 / p35#48 / p37#54 在合并时已剔除。见 din5480_2_notes.md。
page,m,table_no,d_B,z,d,d_b,x1_m,e2_s1,d_f2,A_df2,d_Ff2min,d_a2,d_a1,d_Ff1max,d_f1,A_df1,flags,source
11,"0,5",2,6,10,5,"4,330","0,225","1,045",6,"0,19","5,95",5,"5,9","4,95","4,90","-0,41",,A+B
11,"0,5",2,7,12,6,"5,196","0,225","1,045",7,"0,19","6,95",6,"6,9","5,95","5,90","-0,41",,A+B
11,"0,5",2,8,14,7,"6,062","0,225","1,045",8,"0,19","7,95",7,"7,9","6,95","6,90","-0,41",,A+B
11,"0,5",2,9,16,8,"6,928","0,225","1,045",9,"0,19","8,95",8,"8,9","7,95","7,90","-0,41",,A+B
11,"0,5",2,10,18,9,"7,794","0,225","1,045",10,"0,19","9,95",9,"9,9","8,95","8,90","-0,41",,A+B
11,"0,5",2,11,20,10,"8,660","0,225","1,045",11,"0,19","10,95",10,"10,9","9,95","9,90","-0,41",,A+B
11,"0,5",2,12,22,11,"9,526","0,225","1,045",12,"0,19","11,95",11,"11,9","10,95","10,90","-0,41",,A+B
11,"0,5",2,13,24,12,"10,39","0,225","1,045",13,"0,20","12,96",12,"12,9","11,94","11,90","-0,45",,A+B
11,"0,5",2,14,26,13,"11,25","0,225","1,045",14,"0,20","13,96",13,"13,9","12,94","12,90","-0,45",,A+B
11,"0,5",2,15,28,14,"12,12","0,225","1,045",15,"0,20","14,96",14,"14,9","13,94","13,90","-0,45",,A+B
11,"0,5",2,16,30,15,"12,99","0,225","1,045",16,"0,20","15,96",15,"15,9","14,94","14,90","-0,45",,A+B
11,"0,5",2,17,32,16,"13,85","0,225","1,045",17,"0,20","16,96",16,"16,9","15,94","15,90","-0,45",,A+B
11,"0,5",2,18,34,17,"14,72","0,225","1,045",18,"0,20","17,96",17,"17,9","16,94","16,90","-0,45",,A+B
11,"0,5",2,19,36,18,"15,58","0,225","1,045",19,"0,20","18,96",18,"18,9","17,94","17,90","-0,45",,A+B
11,"0,5",2,20,38,19,"16,45","0,225","1,045",20,"0,20","19,96",19,"19,9","18,94","18,90","-0,45",,A+B
11,"0,5",2,21,40,20,"17,32","0,225","1,045",21,"0,20","20,96",20,"20,9","19,94","19,90","-0,45",,A+B
11,"0,5",2,22,42,21,"18,18","0,225","1,045",22,"0,20","21,96",21,"21,9","20,94","20,90","-0,45",,A+B
11,"0,5",2,23,44,22,"19,05","0,225","1,045",23,"0,20","22,96",22,"22,9","21,94","21,90","-0,45",,A+B
11,"0,5",2,24,46,23,"19,91","0,225","1,045",24,"0,20","23,96",23,"23,9","22,94","22,90","-0,45",,A+B
11,"0,5",2,25,48,24,"20,78","0,225","1,045",25,"0,20","24,96",24,"24,9","23,94","23,90","-0,45",A:d_a1:comma_restored,A+B
11,"0,5",2,26,50,25,"21,65","0,225","1,045",26,"0,21","25,96",25,"25,9","24,94","24,90","-0,49",,A+B
11,"0,5",2,27,52,26,"22,51","0,225","1,045",27,"0,21","26,96",26,"26,9","25,94","25,90","-0,49",,A+B
11,"0,5",2,28,54,27,"23,38","0,225","1,045",28,"0,21","27,96",27,"27,9","26,94","26,90","-0,49",,A+B
11,"0,5",2,29,56,28,"24,24","0,225","1,045",29,"0,21","28,96",28,"28,9","27,94","27,90","-0,49",,A+B
11,"0,5",2,30,58,29,"25,11","0,225","1,045",30,"0,21","29,96",29,"29,9","28,94","28,90","-0,49",,A+B
11,"0,5",2,31,60,30,"25,98","0,225","1,045",31,"0,21","30,96",30,"30,9","29,94","29,90","-0,49",,A+B
11,"0,5",2,32,62,31,"26,84","0,225","1,045",32,"0,21","31,96",31,"31,9","30,94","30,90","-0,49",,A+B
11,"0,5",2,33,64,32,"27,71","0,225","1,045",33,"0,21","32,96",32,"32,9","31,94","31,90","-0,49",,A+B
11,"0,5",2,34,66,33,"28,57","0,225","1,045",34,"0,21","33,96",33,"33,9","32,94","32,90","-0,49",,A+B
11,"0,5",2,35,68,34,"29,44","0,225","1,045",35,"0,21","34,96",34,"34,9","33,94","33,90","-0,49",,A+B
11,"0,5",2,36,70,35,"30,31","0,225","1,045",36,"0,21","35,96",35,"35,9","34,94","34,90","-0,49",,A+B
11,"0,5",2,37,72,36,"31,17","0,225","1,045",37,"0,21","36,96",36,"36,9","35,94","35,90","-0,49",,A+B
11,"0,5",2,38,74,37,"32,04","0,225","1,045",38,"0,21","37,96",37,"37,9","36,94","36,90","-0,49",,A+B
11,"0,5",2,39,76,38,"32,90","0,225","1,045",39,"0,21","38,96",38,"38,9","37,94","37,90","-0,49",,A+B
11,"0,5",2,40,78,39,"33,77","0,225","1,045",40,"0,21","39,96",39,"39,9","38,94","38,90","-0,49",,A+B
13,"0,6",4,6,8,"4,8","4,157","0,27","1,254",6,"0,21","5,93","4,8","5,88","4,75","4,68","-0,43",A:d_b:comma_restored,A+B
13,"0,6",4,7,10,"6,0","5,196","0,17","1,139",7,"0,21","6,93","5,8","6,88","5,75","5,68","-0,43",,A+B
13,"0,6",4,8,12,"7,2","6,235","0,07","1,023",8,"0,21","7,93","6,8","7,88","6,75","6,68","-0,43",,A+B
13,"0,6",4,9,13,"7,8","6,755","0,27","1,254",9,"0,21","8,93","7,8","8,88","7,75","7,68","-0,43",,A+B
13,"0,6",4,10,15,"9,0","7,794","0,17","1,139",10,"0,21","9,93","8,8","9,88","8,75","8,68","-0,43",,A+B
13,"0,6",4,11,17,"10,2","8,833","0,07","1,023",11,"0,21","10,93","9,8","10,88","9,75","9,68","-0,43",,A+B
13,"0,6",4,12,18,"10,8","9,353","0,27","1,254",12,"0,21","11,93","10,8","11,88","10,75","10,68","-0,43",,A+B
13,"0,6",4,13,20,"12,0","10,392","0,17","1,139",13,"0,22","12,94","11,8","12,88","11,74","11,68","-0,47",,A+B
13,"0,6",4,14,22,"13,2","11,432","0,07","1,023",14,"0,22","13,94","12,8","13,88","12,74","12,68","-0,47",,A+B
13,"0,6",4,15,23,"13,8","11,951","0,27","1,254",15,"0,22","14,94","13,8","14,88","13,74","13,68","-0,47",,A+B
13,"0,6",4,16,25,"15,0","12,990","0,17","1,139",16,"0,22","15,94","14,8","15,88","14,74","14,68","-0,47",,A+B
13,"0,6",4,17,27,"16,2","14,030","0,07","1,023",17,"0,22","16,94","15,8","16,88","15,74","15,68","-0,47",,A+B
13,"0,6",4,18,28,"16,8","14,549","0,27","1,254",18,"0,22","17,94","16,8","17,88","16,74","16,68","-0,47",,A+B
13,"0,6",4,19,30,"18,0","15,588","0,17","1,139",19,"0,22","18,94","17,8","18,88","17,74","17,68","-0,47",,A+B
13,"0,6",4,20,32,"19,2","16,628","0,07","1,023",20,"0,22","19,94","18,8","19,88","18,74","18,68","-0,47",,A+B
13,"0,6",4,21,34,"20,4","17,667","-0,03","0,908",21,"0,22","20,94","19,8","20,88","19,74","19,68","-0,47",,A+B
13,"0,6",4,22,35,"21,0","18,187","0,17","1,139",22,"0,22","21,94","20,8","21,88","20,74","20,68","-0,47",,A+B
13,"0,6",4,23,37,"22,2","19,226","0,07","1,023",23,"0,22","22,94","21,8","22,88","21,74","21,68","-0,47",,A+B
13,"0,6",4,24,38,"22,8","19,745","0,27","1,254",24,"0,22","23,94","22,8","23,88","22,74","22,68","-0,47",,A+B
13,"0,6",4,25,40,"24,0","20,785","0,17","1,139",25,"0,22","24,94","23,8","24,88","23,74","23,68","-0,47",,A+B
13,"0,6",4,26,42,"25,2","21,824","0,07","1,023",26,"0,23","25,94","24,8","25,88","24,74","24,68","-0,51",,A+B
13,"0,6",4,27,44,"26,4","22,863","-0,03","0,908",27,"0,23","26,94","25,8","26,88","25,74","25,68","-0,51",,A+B
13,"0,6",4,28,45,"27,0","23,383","0,17","1,139",28,"0,23","27,94","26,8","27,88","26,74","26,68","-0,51",,A+B
13,"0,6",4,29,47,"28,2","24,422","0,07","1,023",29,"0,23","28,94","27,8","28,88","27,74","27,68","-0,51",,A+B
13,"0,6",4,30,48,"28,8","24,942","0,27","1,254",30,"0,23","29,94","28,8","29,88","28,74","28,68","-0,51",,A+B
13,"0,6",4,31,50,"30,0","25,981","0,17","1,139",31,"0,23","30,94","29,8","30,88","29,74","29,68","-0,51",,A+B
13,"0,6",4,32,52,"31,2","27,020","0,07","1,023",32,"0,23","31,94","30,8","31,88","30,74","30,68","-0,51",,A+B
13,"0,6",4,33,54,"32,4","28,059","-0,03","0,908",33,"0,23","32,94","31,8","32,88","31,74","31,68","-0,51",,A+B
13,"0,6",4,34,55,"33,0","28,579","0,17","1,139",34,"0,23","33,94","32,8","33,88","32,74","32,68","-0,51",,A+B
13,"0,6",4,35,57,"34,2","29,618","0,07","1,023",35,"0,23","34,94","33,8","34,88","33,74","33,68","-0,51",,A+B
13,"0,6",4,36,58,"34,8","30,138","0,27","1,254",36,"0,23","35,94","34,8","35,88","34,74","34,68","-0,51",,A+B
13,"0,6",4,37,60,"36,0","31,177","0,17","1,139",37,"0,23","36,94","35,8","36,88","35,74","35,68","-0,51",,A+B
13,"0,6",4,38,62,"37,2","32,216","0,07","1,023",38,"0,23","37,94","36,8","37,88","36,74","36,68","-0,51",,A+B
13,"0,6",4,39,64,"38,4","33,255","-0,03","0,908",39,"0,23","38,94","37,8","38,88","37,74","37,68","-0,51",,A+B
13,"0,6",4,40,64,"38,4","33,255","0,47","1,485",40,"0,23","39,94","38,8","39,88","38,74","38,68","-0,51","A:x_outside[-0.05,0.45](0.7833)",A+B
13,"0,6",4,42,68,"40,8","35,334","0,27","1,254",42,"0,23","41,94","40,8","41,88","40,74","40,68","-0,51",,A+B
13,"0,6",4,45,74,"44,4","38,452","-0,03","0,908",45,"0,23","44,94","43,8","44,88","43,74","43,68","-0,51",A:d:comma_restored,A+B
13,"0,6",4,47,76,"45,6","39,491","0,37","1,370",47,"0,23","46,94","45,8","46,88","45,74","45,68","-0,51","A:x_outside[-0.05,0.45](0.6167)",A+B
13,"0,6",4,48,78,"46,8","40,530","0,27","1,254",48,"0,23","47,94","46,8","47,88","46,74","46,68","-0,51",,A+B
15,"0,75",6,6,6,"4,50","3,897","0,3375","1,568",6,"0,24","5,90","4,5","5,85","4,45","4,35","-0,46",,A+B
15,"0,75",6,7,8,"6,00","5,196","0,0875","1,279",7,"0,24","6,90","5,5","6,85","5,45","5,35","-0,46",,A+B
15,"0,75",6,8,9,"6,75","5,846","0,2125","1,423",8,"0,24","7,90","6,5","7,85","6,45","6,35","-0,46","B:cell:x1_m:recheck(L=0,2125|S=0,2125) -> value_from_recheck(02125 -> 0,2125)",A+B
15,"0,75",6,9,10,"7,50","6,495","0,3375","1,568",9,"0,24","8,90","7,5","8,85","7,45","7,35","-0,46",,A+B
15,"0,75",6,10,12,"9,00","7,794","0,0875","1,279",10,"0,24","9,90","8,5","9,85","8,45","8,35","-0,46",,A+B
15,"0,75",6,11,13,"9,75","8,444","0,2125","1,423",11,"0,24","10,90","9,5","10,85","9,45","9,35","-0,46",,A+B
15,"0,75",6,12,14,"10,50","9,093","0,3375","1,568",12,"0,24","11,90","10,5","11,85","10,45","10,35","-0,46",,A+B
15,"0,75",6,13,16,"12,00","10,392","0,0875","1,279",13,"0,25","12,91","11,5","12,85","11,44","11,35","-0,50","B:cell:d_b:word_spans_columns(12,0010,392); B:cell:d:recheck(L=12,00|S=12,00) -> value_from_recheck(empty -> 12,00); B:cell:d_b:recheck(L=10,392|S=10,392) -> value_from_recheck(12,0010,392 -> 10,392)",A+B
15,"0,75",6,14,17,"12,75","11,042","0,2125","1,423",14,"0,25","13,91","12,5","13,85","12,44","12,35","-0,50","B:cell:d_b:word_spans_columns(12,7511,042); B:cell:d:recheck(L=12,75|S=12,75) -> value_from_recheck(empty -> 12,75); B:cell:d_b:recheck(L=11,042|S=11,042) -> value_from_recheck(12,7511,042 -> 11,042); B:cell:x1_m:recheck(L=0,2125|S=0,2125) -> value_from_recheck(02125 -> 0,2125)",A+B
15,"0,75",6,15,18,"13,50","11,691","0,3375","1,568",15,"0,25","14,91","13,5","14,85","13,44","13,35","-0,50","B:cell:d_b:word_spans_columns(13,5011,691); B:cell:d:recheck(L=13,50|S=13,50) -> value_from_recheck(empty -> 13,50); B:cell:d_b:recheck(L=11,691|S=11,691) -> value_from_recheck(13,5011,691 -> 11,691)",A+B
15,"0,75",6,16,20,"15,00","12,990","0,0875","1,279",16,"0,25","15,91","14,5","15,85","14,44","14,35","-0,50","B:cell:d_b:word_spans_columns(15,0012,990); B:cell:d:recheck(L=15,00|S=15,00) -> value_from_recheck(empty -> 15,00); B:cell:d_b:recheck(L=12,990|S=12,990) -> value_from_recheck(15,0012,990 -> 12,990)",A+B
15,"0,75",6,17,21,"15,75","13,640","0,2125","1,423",17,"0,25","16,91","15,5","16,85","15,44","15,35","-0,50","B:cell:d_b:word_spans_columns(15,7513,640); B:cell:d:recheck(L=15,75|S=15,75) -> value_from_recheck(empty -> 15,75); B:cell:d_b:recheck(L=13,640|S=13,640) -> value_from_recheck(15,7513,640 -> 13,640); B:cell:x1_m:recheck(L=0,2125|S=0,2125) -> value_from_recheck(02125 -> 0,2125)",A+B
15,"0,75",6,18,22,"16,50","14,289","0,3375","1,568",18,"0,25","17,91","16,5","17,85","16,44","16,35","-0,50","A:d!=m*z; B:cell:d_b:word_spans_columns(16,5014,289); B:cell:d:recheck(L=16,50|S=16,50) -> value_from_recheck(empty -> 16,50); B:cell:d_b:recheck(L=14,289|S=14,289) -> value_from_recheck(16,5014,289 -> 14,289); conflict:z:A=25|B=22->22[B(d=m*z 检验通过(1/1))]",A+B→B
15,"0,75",6,19,24,"18,00","15,588","0,0875","1,279",19,"0,25","18,91","17,5","18,85","17,44","17,35","-0,50","B:cell:d_b:word_spans_columns(18,0015,588); B:cell:d:recheck(L=18,00|S=18,00) -> value_from_recheck(empty -> 18,00); B:cell:d_b:recheck(L=15,588|S=15,588) -> value_from_recheck(18,0015,588 -> 15,588)",A+B
15,"0,75",6,20,25,"18,75","16,238","0,2125","1,423",20,"0,25","19,91","18,5","19,85","18,44","18,35","-0,50","B:cell:d_b:word_spans_columns(18,7516,238); B:cell:d:recheck(L=18,75|S=18,75) -> value_from_recheck(empty -> 18,75); B:cell:d_b:recheck(L=16,238|S=16,238) -> value_from_recheck(18,7516,238 -> 16,238); B:cell:x1_m:recheck(L=0,2125|S=0,2125) -> value_from_recheck(02125 -> 0,2125)",A+B
15,"0,75",6,21,26,"19,50","16,887","0,3375","1,568",21,"0,25","20,91","19,5","20,85","19,44","19,35","-0,50","B:cell:d_b:word_spans_columns(19,5016,887); B:cell:d:recheck(L=19,50|S=19,50) -> value_from_recheck(empty -> 19,50); B:cell:d_b:recheck(L=16,887|S=16,887) -> value_from_recheck(19,5016,887 -> 16,887)",A+B
15,"0,75",6,22,28,"21,00","18,187","0,0875","1,279",22,"0,25","21,91","20,5","21,85","20,44","20,35","-0,50","B:cell:d_b:word_spans_columns(21,0018,187); B:cell:d:recheck(L=21,00|S=21,00) -> value_from_recheck(empty -> 21,00); B:cell:d_b:recheck(L=18,187|S=18,187) -> value_from_recheck(21,0018,187 -> 18,187)",A+B
15,"0,75",6,23,29,"21,75","18,836","0,2125","1,423",23,"0,25","22,91","21,5","22,85","21,44","21,35","-0,50","B:cell:d_b:word_spans_columns(21,7518,836); B:cell:d:recheck(L=21,75|S=21,75) -> value_from_recheck(empty -> 21,75); B:cell:d_b:recheck(L=18,836|S=18,836) -> value_from_recheck(21,7518,836 -> 18,836); B:cell:x1_m:recheck(L=0,2125|S=0,2125) -> value_from_recheck(02125 -> 0,2125)",A+B
15,"0,75",6,24,30,"22,50","19,486","0,3375","1,568",24,"0,25","23,91","22,5","23,85","22,44","22,35","-0,50",,A+B
15,"0,75",6,25,32,"24,00","20,785","0,0875","1,279",25,"0,25","24,91","23,5","24,85","23,44","23,35","-0,50",,A+B
15,"0,75",6,26,33,"24,75","21,434","0,2125","1,423",26,"0,26","25,91","24,5","25,85","24,44","24,35","-0,54","B:cell:x1_m:recheck(L=0,2125|S=0,2125) -> value_from_recheck(02125 -> 0,2125)",A+B
15,"0,75",6,27,34,"25,50","22,084","0,3375","1,568",27,"0,26","26,91","25,5","26,85","25,44","25,35","-0,54",,A+B
15,"0,75",6,28,36,"27,00","23,383","0,0875","1,279",28,"0,26","27,91","26,5","27,85","26,44","26,35","-0,54",,A+B
15,"0,75",6,29,37,"27,75","24,032","0,2125","1,423",29,"0,26","28,91","27,5","28,85","27,44","27,35","-0,54","B:cell:x1_m:recheck(L=0,2125|S=0,2125) -> value_from_recheck(02125 -> 0,2125)",A+B
15,"0,75",6,30,38,"28,50","24,682","0,3375","1,568",30,"0,26","29,91","28,5","29,85","28,44","28,35","-0,54",,A+B
15,"0,75",6,31,40,"30,00","25,981","0,0875","1,279",31,"0,26","30,91","29,5","30,85","29,44","29,35","-0,54",,A+B
15,"0,75",6,32,41,"30,75","26,630","0,2125","1,423",32,"0,26","31,91","30,5","31,85","30,44","30,35","-0,54",,A+B
15,"0,75",6,33,42,"31,50","27,280","0,3375","1,568",33,"0,26","32,91","31,5","32,85","31,44","31,35","-0,54",,A+B
15,"0,75",6,34,44,"33,00","28,579","0,0875","1,279",34,"0,26","33,91","32,5","33,85","32,44","32,35","-0,54","A:d_Ff2_min:outlier_retry(strip=33,01)",A+B
15,"0,75",6,35,45,"33,75","29,228","0,2125","1,423",35,"0,26","34,91","33,5","34,85","33,44","33,35","-0,54",,A+B
15,"0,75",6,36,46,"34,50","29,878","0,3375","1,568",36,"0,26","35,91","34,5","35,85","34,44","34,35","-0,54",,A+B
15,"0,75",6,37,48,"36,00","31,177","0,0875","1,279",37,"0,26","36,91","35,5","36,85","35,44","35,35","-0,54",,A+B
15,"0,75",6,38,49,"36,75","31,826","0,2125","1,423",38,"0,26","37,91","36,5","37,85","36,44","36,35","-0,54",,A+B
15,"0,75",6,39,50,"37,50","32,476","0,3375","1,568",39,"0,26","38,91","37,5","38,85","37,44","37,35","-0,54",,A+B
15,"0,75",6,40,52,"39,00","33,775","0,0875","1,279",40,"0,26","39,91","38,5","39,85","38,44","38,35","-0,54",,A+B
15,"0,75",6,42,54,"40,50","35,074","0,3375","1,568",42,"0,26","41,91","40,5","41,85","40,44","40,35","-0,54",,A+B
15,"0,75",6,45,58,"43,50","37,672","0,3375","1,568",45,"0,26","44,91","43,5","44,85","43,44","43,35","-0,54",,A+B
15,"0,75",6,47,60,"45,00","38,971","0,5875","1,856",47,"0,26","46,91","45,5","46,85","45,44","45,35","-0,54","A:x_outside[-0.05,0.45](0.7833); B:cell:x1_m:recheck(L=0,5875|S=0,5875) -> value_from_recheck(05875 -> 0,5875)",A+B
15,"0,75",6,48,62,"46,50","40,270","0,3375","1,568",48,"0,26","47,91","46,5","47,85","46,44","46,35","-0,54",,A+B
15,"0,75",6,50,64,"48,00","41,569","0,5875","1,856",50,"0,26","49,91","48,5","49,85","48,44","48,35","-0,54","A:x_outside[-0.05,0.45](0.7833)",A+B
15,"0,75",6,52,68,"51,00","44,167","0,0875","1,279",52,"0,27","51,92","50,5","51,85","50,43","50,35","-0,58",,A+B
15,"0,75",6,55,72,"54,00","46,765","0,0875","1,279",55,"0,27","54,92","53,5","54,85","53,43","53,35","-0,58",,A+B
17,"0,8",8,6,6,"4,8","4,157","0,16","1,441",6,"0,25","5,89","4,4","5,84","4,35","4,24","-0,47",,A续+B续
17,"0,8",8,7,7,"5,6","4,850","0,26","1,557",7,"0,25","6,89","5,4","6,84","5,35","5,24","-0,47",,A续+B续
17,"0,8",8,8,8,"6,4","5,543","0,36","1,672",8,"0,25","7,89","6,4","7,84","6,35","6,24","-0,47",,A续+B续
17,"0,8",8,9,10,"8,0","6,928","0,06","1,326",9,"0,25","8,89","7,4","8,84","7,35","7,24","-0,47",,A续+B续
17,"0,8",8,10,11,"8,8","7,621","0,16","1,441",10,"0,25","9,89","8,4","9,84","8,35","8,24","-0,47",,A续+B续
17,"0,8",8,11,12,"9,6","8,314","0,26","1,557",11,"0,25","10,89","9,4","10,84","9,35","9,24","-0,47",,A续+B续
17,"0,8",8,12,13,"10,4","9,007","0,36","1,672",12,"0,25","11,89","10,4","11,84","10,35","10,24","-0,47",,A续+B续
17,"0,8",8,13,15,"12,0","10,392","0,06","1,326",13,"0,26","12,90","11,4","12,84","11,34","11,24","-0,51",,A续+B续
17,"0,8",8,14,16,"12,8","11,085","0,16","1,441",14,"0,26","13,90","12,4","13,84","12,34","12,24","-0,51",,A续+B续
17,"0,8",8,15,17,"13,6","11,778","0,26","1,557",15,"0,26","14,90","13,4","14,84","13,34","13,24","-0,51",,A续+B续
17,"0,8",8,16,18,"14,4","12,471","0,36","1,672",16,"0,26","15,90","14,4","15,84","14,34","14,24","-0,51",,A续+B续
17,"0,8",8,17,20,"16,0","13,856","0,06","1,326",17,"0,26","16,90","15,4","16,84","15,34","15,24","-0,51",,A续+B续
17,"0,8",8,18,21,"16,8","14,549","0,16","1,441",18,"0,26","17,90","16,4","17,84","16,34","16,24","-0,51",,A续+B续
17,"0,8",8,19,22,"17,6","15,242","0,26","1,557",19,"0,26","18,90","17,4","18,84","17,34","17,24","-0,51",,A续+B续
17,"0,8",8,20,23,"18,4","15,935","0,36","1,672",20,"0,26","19,90","18,4","19,84","18,34","18,24","-0,51",,A续+B续
17,"0,8",8,20,24,"19,2","16,628","-0,04","1,210",20,"0,26","19,90","18,4","19,84","18,34","18,24","-0,51",B续:row:d_B_not_increasing; merged_chk:d_B_not_increasing,A续+B续
17,"0,8",8,21,25,"20,0","17,321","0,06","1,326",21,"0,26","20,90","19,4","20,84","19,34","19,24","-0,51",,A续+B续
17,"0,8",8,22,26,"20,8","18,013","0,16","1,441",22,"0,26","21,90","20,4","21,84","20,34","20,24","-0,51",,A续+B续
17,"0,8",8,23,27,"21,6","18,706","0,26","1,557",23,"0,26","22,90","21,4","22,84","21,34","21,24","-0,51",,A续+B续
17,"0,8",8,24,28,"22,4","19,399","0,36","1,672",24,"0,26","23,90","22,4","23,84","22,34","22,24","-0,51",,A续+B续
17,"0,8",8,25,30,"24,0","20,785","0,06","1,326",25,"0,26","24,90","23,4","24,84","23,34","23,24","-0,51",,A续+B续
17,"0,8",8,26,31,"24,8","21,477","0,16","1,441",26,"0,27","25,90","24,4","25,84","24,34","24,24","-0,55",,A续+B续
17,"0,8",8,27,32,"25,6","22,170","0,26","1,557",27,"0,27","26,90","25,4","26,84","25,34","25,24","-0,55",,A续+B续
17,"0,8",8,28,34,"27,2","23,556","-0,04","1,210",28,"0,27","27,90","26,4","27,84","26,34","26,24","-0,55",,A续+B续
17,"0,8",8,29,35,"28,0","24,249","0,06","1,326",29,"0,27","28,90","27,4","28,84","27,34","27,24","-0,55",,A续+B续
17,"0,8",8,30,36,"28,8","24,942","0,16","1,441",30,"0,27","29,90","28,4","29,84","28,34","28,24","-0,55",,A续+B续
17,"0,8",8,31,37,"29,6","25,634","0,26","1,557",31,"0,27","30,90","29,4","30,84","29,34","29,24","-0,55",,A续+B续
17,"0,8",8,32,38,"30,4","26,327","0,36","1,672",32,"0,27","31,90","30,4","31,84","30,34","30,24","-0,55",,A续+B续
17,"0,8",8,33,40,"32,0","27,713","0,06","1,326",33,"0,27","32,90","31,4","32,84","31,34","31,24","-0,55",,A续+B续
17,"0,8",8,34,41,"32,8","28,406","0,16","1,441",34,"0,27","33,90","32,4","33,84","32,34","32,24","-0,55","A续:d_B:digit_count_mismatch(ocr=2,glyph=1); A续:retry:digit_count_mismatch(ocr=2,glyph=1); A续:glyph_confirmed",A续+B续
17,"0,8",8,35,42,"33,6","29,098","0,26","1,557",35,"0,27","34,90","33,4","34,84","33,34","33,24","-0,55",,A续+B续
17,"0,8",8,36,44,"35,2","30,484","-0,04","1,210",36,"0,27","35,90","34,4","35,84","34,34","34,24","-0,55",,A续+B续
17,"0,8",8,37,45,"36,0","31,177","0,06","1,326",37,"0,27","36,90","35,4","36,84","35,34","35,24","-0,55",,A续+B续
17,"0,8",8,38,46,"36,8","31,870","0,16","1,441",38,"0,27","37,90","36,4","37,84","36,34","36,24","-0,55",,A续+B续
17,"0,8",8,39,47,"37,6","32,563","0,26","1,557",39,"0,27","38,90","37,4","38,84","37,34","37,24","-0,55",,A续+B续
17,"0,8",8,40,48,"38,4","33,255","0,36","1,672",40,"0,27","39,90","38,4","39,84","38,34","38,24","-0,55",,A续+B续
17,"0,8",8,42,51,"40,8","35,334","0,16","1,441",42,"0,27","41,90","40,4","41,84","40,34","40,24","-0,55",,A续+B续
17,"0,8",8,45,55,"44,0","38,105","0,06","1,326",45,"0,27","44,90","43,4","44,84","43,34","43,24","-0,55",,A续+B续
17,"0,8",8,47,57,"45,6","39,491","0,26","1,557",47,"0,27","46,90","45,4","46,84","45,34","45,24","-0,55",,A续+B续
17,"0,8",8,48,58,"46,4","40,184","0,36","1,672",48,"0,27","47,90","46,4","47,84","46,34","46,24","-0,55",,A续+B续
17,"0,8",8,50,60,"48,0","41,569","0,56","1,903",50,"0,27","49,90","48,4","49,84","48,34","48,24","-0,55","A续:x_outside[-0.05,0.45](0.7000)",A续+B续
17,"0,8",8,52,64,"51,2","44,341","-0,04","1,210",52,"0,28","51,91","50,4","51,84","50,33","50,24","-0,59",,A续+B续
17,"0,8",8,55,66,"52,8","45,726","0,66","2,019",55,"0,28","54,91","53,4","54,84","53,33","53,24","-0,59","A续:x_outside[-0.05,0.45](0.8250)",A续+B续
17,"0,8",8,58,70,"56,0","48,497","0,56","1,903",58,"0,28","57,91","56,4","57,84","56,33","56,24","-0,59","A续:x_outside[-0.05,0.45](0.7000)",A续+B续
17,"0,8",8,60,74,"59,2","51,269","-0,04","1,210",60,"0,28","59,91","58,4","59,84","58,33","58,24","-0,59",,A续+B续
19,1,10,8,6,6,"5,196","0,45","2,090",8,"0,29","7,85",6,"7,8","5,95","5,80","-0,51",,A续+B续
19,1,10,9,7,7,"6,062","0,45","2,090",9,"0,29","8,85",7,"8,8","6,95","6,80","-0,51",,A续+B续
19,1,10,10,8,8,"6,928","0,45","2,090",10,"0,29","9,85",8,"9,8","7,95","7,80","-0,51",,A续+B续
19,1,10,11,9,9,"7,794","0,45","2,090",11,"0,29","10,85",9,"10,8","8,95","8,80","-0,51",,A续+B续
19,1,10,12,10,10,"8,660","0,45","2,090",12,"0,29","11,85",10,"11,8","9,95","9,80","-0,51",,A续+B续
19,1,10,13,11,11,"9,526","0,45","2,090",13,"0,30","12,86",11,"12,8","10,94","10,80","-0,55",,A续+B续
19,1,10,14,12,12,"10,392","0,45","2,090",14,"0,30","13,86",12,"13,8","11,94","11,80","-0,55",,A续+B续
19,1,10,15,13,13,"11,258","0,45","2,090",15,"0,30","14,86",13,"14,8","12,94","12,80","-0,55",,A续+B续
19,1,10,16,14,14,"12,124","0,45","2,090",16,"0,30","15,86",14,"15,8","13,94","13,80","-0,55",,A续+B续
19,1,10,17,15,15,"12,990","0,45","2,090",17,"0,30","16,86",15,"16,8","14,94","14,80","-0,55",,A续+B续
19,1,10,18,16,16,"13,856","0,45","2,090",18,"0,30","17,86",16,"17,8","15,94","15,80","-0,55",,A续+B续
19,1,10,19,17,17,"14,722","0,45","2,090",19,"0,30","18,86",17,"18,8","16,94","16,80","-0,55",,A续+B续
19,1,10,20,18,18,"15,588","0,45","2,090",20,"0,30","19,86",18,"19,8","17,94","17,80","-0,55",,A续+B续
19,1,10,21,19,19,"16,454","0,45","2,090",21,"0,30","20,86",19,"20,8","18,94","18,80","-0,55","A续:d_b:digit_count_mismatch(ocr=5,glyph=4); A续:retry:digit_count_mismatch(ocr=5,glyph=4); A续:glyph_confirmed",A续+B续
19,1,10,22,20,20,"17,321","0,45","2,090",22,"0,30","21,86",20,"21,8","19,94","19,80","-0,55",,A续+B续
19,1,10,23,22,22,"19,053","-0,05","1,513",23,"0,30","22,86",21,"22,8","20,94","20,80","-0,55",A续:d!=m*z; A续:d_a1:comma_restored; conflict:z:A=25|B=22->22[B(d=m*z 检验通过(1/1))],A续+B续→B
19,1,10,24,22,22,"19,053","0,45","2,090",24,"0,30","23,86",22,"23,8","21,94","21,80","-0,55","A续:z:outlier_kept; A续:glyph_confirmed; A续:d_b:digit_count_mismatch(ocr=6,glyph=5); A续:retry:ok; A续:z:monotonic_decrease",A续+B续
19,1,10,25,24,24,"20,785","-0,05","1,513",25,"0,30","24,86",23,"24,8","22,94","22,80","-0,55",A续:d_a1:comma_restored,A续+B续
19,1,10,26,24,24,"20,785","0,45","2,090",26,"0,31","25,86",24,"25,8","23,94","23,80","-0,59",,A续+B续
19,1,10,27,26,26,"22,517","-0,05","1,513",27,"0,31","26,86",25,"26,8","24,94","24,80","-0,59",,A续+B续
19,1,10,28,26,26,"22,517","0,45","2,090",28,"0,31","27,86",26,"27,8","25,94","25,80","-0,59",,A续+B续
19,1,10,29,28,28,"24,249","-0,05","1,513",29,"0,31","28,86",27,"28,8","26,94","26,80","-0,59",,A续+B续
19,1,10,30,28,28,"24,249","0,45","2,090",30,"0,31","29,86",28,"29,8","27,94","27,80","-0,59",,A续+B续
19,1,10,31,30,30,"25,981","-0,05","1,513",31,"0,31","30,86",29,"30,8","28,94","28,80","-0,59",,A续+B续
19,1,10,32,30,30,"25,981","0,45","2,090",32,"0,31","31,86",30,"31,8","29,94","29,80","-0,59",,A续+B续
19,1,10,33,32,32,"27,713","-0,05","1,513",33,"0,31","32,86",31,"32,8","30,94","30,80","-0,59",,A续+B续
19,1,10,34,32,32,"27,713","0,45","2,090",34,"0,31","33,86",32,"33,8","31,94","31,80","-0,59","A续:d_B:digit_count_mismatch(ocr=2,glyph=1); A续:retry:digit_count_mismatch(ocr=2,glyph=1); A续:glyph_confirmed",A续+B续
19,1,10,35,34,34,"29,445","-0,05","1,513",35,"0,31","34,86",33,"34,8","32,94","32,80","-0,59",,A续+B续
19,1,10,36,34,34,"29,445","0,45","2,090",36,"0,31","35,86",34,"35,8","33,94","33,80","-0,59",,A续+B续
19,1,10,37,36,36,"31,177","-0,05","1,513",37,"0,31","36,86",35,"36,8","34,94","34,80","-0,59",,A续+B续
19,1,10,38,36,36,"31,177","0,45","2,090",38,"0,31","37,86",36,"37,8","35,94","35,80","-0,59",,A续+B续
19,1,10,39,38,38,"32,909","-0,05","1,513",39,"0,31","38,86",37,"38,8","36,94","36,80","-0,59",,A续+B续
19,1,10,40,38,38,"32,909","0,45","2,090",40,"0,31","39,86",38,"39,8","37,94","37,80","-0,59",,A续+B续
19,1,10,42,40,40,"34,641","0,45","2,090",42,"0,31","41,86",40,"41,8","39,94","39,80","-0,59",,A续+B续
19,1,10,45,44,44,"38,105","-0,05","1,513",45,"0,31","44,86",43,"44,8","42,94","42,80","-0,59",A续:d_a1:comma_restored,A续+B续
19,1,10,47,46,46,"39,837","-0,05","1,513",47,"0,31","46,86",45,"46,8","44,94","44,80","-0,59",,A续+B续
19,1,10,48,46,46,"39,837","0,45","2,090",48,"0,31","47,86",46,"47,8","45,94","45,80","-0,59",,A续+B续
19,1,10,50,48,48,"41,569","0,45","2,090",50,"0,31","49,86",48,"49,8","47,94","47,80","-0,59",,A续+B续
19,1,10,52,50,50,"43,301","0,45","2,090",52,"0,32","51,87",50,"51,8","49,93","49,80","-0,63",A续:d_f2:outlier_kept; A续:glyph_uncertain; A续:d_a2:outlier_kept; A续:glyph_confirmed,A续+B续
19,1,10,55,54,54,"46,765","-0,05","1,513",55,"0,32","54,87",53,"54,8","52,93","52,80","-0,63","A续:d_f2:junk_removed; A续:digit_count_mismatch(ocr=0,glyph=2); A续:empty; A续:retry:recovered; A续:outlier_kept; A续:glyph_repair(old=99); A续:d_a2:outlier_retry(strip=93); conflict:d_B:A=95|B=55->55[B(unresolved_tie_default_B(A=0,B=0))]",A续+B续→B
19,1,10,58,56,56,"48,497","0,45","2,090",58,"0,32","57,87",56,"57,8","55,93","55,80","-0,63",A续:d_B:outlier_kept; A续:glyph_confirmed; A续:d_f2:outlier_kept; A续:glyph_confirmed; A续:d_a2:outlier_kept; A续:glyph_confirmed; A续:d_a1:outlier_kept; A续:glyph_uncertain; A续:d_B:monotonic_decrease; A续:d_a1:local_outlier(dv=-19.500),A续+B续
19,1,10,60,58,58,"50,229","0,45","2,090",60,"0,32","59,87",58,"59,8","57,93","57,80","-0,63","A续:d_a2:junk_removed; A续:digit_count_mismatch(ocr=1,glyph=2); A续:retry:ok; conflict:d_a1:A=99,8|B=59,8->59,8[B(unresolved_tie_default_B(A=0,B=0))]",A续+B续→B
21,"1,25",12,10,6,"7,50","6,495","0,5625","2,613",10,"0,34","9,80","7,5","9,75","7,45","7,25","-0,56",,A续+B续
21,"1,25",12,11,7,"8,75","7,578","0,4375","2,469",11,"0,34","10,80","8,5","10,75","8,45","8,25","-0,56",,A续+B续
21,"1,25",12,12,8,"10,00","8,660","0,3125","2,324",12,"0,34","11,80","9,5","11,75","9,45","9,25","-0,56",,A续+B续
21,"1,25",12,13,9,"11,25","9,743","0,1875","2,180",13,"0,35","12,81","10,5","12,75","10,44","10,25","-0,60",,A续+B续
21,"1,25",12,14,10,"12,50","10,825","0,0625","2,036",14,"0,35","13,81","11,5","13,75","11,44","11,25","-0,60",,A续+B续
21,"1,25",12,15,10,"12,50","10,825","0,5625","2,613",15,"0,35","14,81","12,5","14,75","12,44","12,25","-0,60",,A续+B续
21,"1,25",12,16,11,"13,75","11,908","0,4375","2,469",16,"0,35","15,81","13,5","15,75","13,44","13,25","-0,60",,A续+B续
21,"1,25",12,17,12,"15,00","12,990","0,3125","2,324",17,"0,35","16,81","14,5","16,75","14,44","14,25","-0,60",,A续+B续
21,"1,25",12,18,13,"16,25","14,073","0,1875","2,180",18,"0,35","17,81","15,5","17,75","15,44","15,25","-0,60",,A续+B续
21,"1,25",12,19,14,"17,5","15,155","0,0625","2,036",19,"0,35","18,81","16,5","18,75","16,44","16,25","-0,60",,A续+B续
21,"1,25",12,20,14,"17,50","15,155","0,5625","2,613",20,"0,35","19,81","17,5","19,75","17,44","17,25","-0,60",,A续+B续
21,"1,25",12,21,15,"18,75","16,238","0,4375","2,469",21,"0,35","20,81","18,5","20,75","18,44","18,25","-0,60",,A续+B续
21,"1,25",12,22,16,"20,00","17,321","0,3125","2,324",22,"0,35","21,81","19,5","21,75","19,44","19,25","-0,60",,A续+B续
21,"1,25",12,23,17,"21,25","18,403","0,1875","2,180",23,"0,35","22,81","20,5","22,75","20,44","20,25","-0,60",,A续+B续
21,"1,25",12,24,18,"22,50","19,486","0,0625","2,036",24,"0,35","23,81","21,5","23,75","21,44","21,25","-0,60",,A续+B续
21,"1,25",12,25,18,"22,50","19,486","0,5625","2,613",25,"0,35","24,81","22,5","24,75","22,44","22,25","-0,60",,A续+B续
21,"1,25",12,26,19,"23,75","20,568","0,4375","2,469",26,"0,36","25,81","23,5","25,75","23,44","23,25","-0,64",,A续+B续
21,"1,25",12,27,20,"25,00","21,651","0,3125","2,324",27,"0,36","26,81","24,5","26,75","24,44","24,25","-0,64",,A续+B续
21,"1,25",12,28,21,"26,25","22,733","0,1875","2,180",28,"0,36","27,81","25,5","27,75","25,44","25,25","-0,64",,A续+B续
21,"1,25",12,29,22,"27,50","23,816","0,0625","2,036",29,"0,36","28,81","26,5","28,75","26,44","26,25","-0,64",,A续+B续
21,"1,25",12,30,22,"27,50","23,816","0,5625","2,613",30,"0,36","29,81","27,5","29,75","27,44","27,25","-0,64",A续:d_f1:comma_restored,A续+B续
21,"1,25",12,31,23,"28,75","24,898","0,4375","2,469",31,"0,36","30,81","28,5","30,75","28,44","28,25","-0,64",,A续+B续
21,"1,25",12,32,24,"30,00","25,981","0,3125","2,324",32,"0,36","31,81","29,5","31,75","29,44","29,25","-0,64",,A续+B续
21,"1,25",12,33,25,"31,25","27,063","0,1875","2,180",33,"0,36","32,81","30,5","32,75","30,44","30,25","-0,64",,A续+B续
21,"1,25",12,34,26,"32,50","28,146","0,0625","2,036",34,"0,36","33,81","31,5","33,75","31,44","31,25","-0,64",,A续+B续
21,"1,25",12,35,26,"32,50","28,146","0,5625","2,613",35,"0,36","34,81","32,5","34,75","32,44","32,25","-0,64",,A续+B续
21,"1,25",12,36,27,"33,75","29,228","0,4375","2,469",36,"0,36","35,81","33,5","35,75","33,44","33,25","-0,64",,A续+B续
21,"1,25",12,37,28,"35,00","30,311","0,3125","2,324",37,"0,36","36,81","34,5","36,75","34,44","34,25","-0,64",,A续+B续
21,"1,25",12,38,29,"36,25","31,393","0,1875","2,180",38,"0,36","37,81","35,5","37,75","35,44","35,25","-0,64",,A续+B续
21,"1,25",12,39,30,"37,50","32,476","0,0625","2,036",39,"0,36","38,81","36,5","38,75","36,44","36,25","-0,64",,A续+B续
21,"1,25",12,40,30,"37,50","32,476","0,5625","2,613",40,"0,36","39,81","37,5","39,75","37,44","37,25","-0,64",,A续+B续
21,"1,25",12,42,32,"40,00","34,641","0,3125","2,324",42,"0,36","41,81","39,5","41,75","39,44","39,25","-0,64",,A续+B续
21,"1,25",12,45,34,"42,50","36,806","0,5625","2,613",45,"0,36","44,81","42,5","44,75","42,44","42,25","-0,64",,A续+B续
21,"1,25",12,47,36,"45,00","38,971","0,3125","2,324",47,"0,36","46,81","44,5","46,75","44,44","44,25","-0,64",,A续+B续
21,"1,25",12,48,37,"46,25","40,054","0,1875","2,180",48,"0,36","47,81","45,5","47,75","45,44","45,25","-0,64",,A续+B续
21,"1,25",12,50,38,"47,50","41,136","0,5625","2,613",50,"0,36","49,81","47,5","49,75","47,44","47,25","-0,64",,A续+B续
21,"1,25",12,52,40,"50,00","43,301","0,3125","2,324",52,"0,37","51,82","49,5","51,75","49,43","49,25","-0,68",,A续+B续
21,"1,25",12,55,42,"52,50","45,466","0,5625","2,613",55,"0,37","54,82","52,5","54,75","52,43","52,25","-0,68",,A续+B续
21,"1,25",12,58,45,"56,25","48,714","0,1875","2,180",58,"0,37","57,82","55,5","57,75","55,43","55,25","-0,68",,A续+B续
21,"1,25",12,60,46,"57,50","49,796","0,5625","2,613",60,"0,37","59,82","57,5","59,75","57,43","57,25","-0,68",,A续+B续
21,"1,25",12,62,48,"60,00","51,962","0,3125","2,324",62,"0,37","61,82","59,5","61,75","59,43","59,25","-0,68",,A续+B续
21,"1,25",12,65,50,"62,50","54,127","0,5625","2,613",65,"0,37","64,82","62,5","64,75","62,43","62,25","-0,68",,A续+B续
21,"1,25",12,68,53,"66,25","57,374","0,1875","2,180",68,"0,37","67,82","65,5","67,75","65,43","65,25","-0,68",,A续+B续
21,"1,25",12,70,54,"67,50","58,457","0,5625","2,613",70,"0,37","69,82","67,5","69,75","67,43","67,25","-0,68",,A续+B续
21,"1,25",12,72,56,"70,00","60,622","0,3125","2,324",72,"0,37","71,82","69,5","71,75","69,43","69,25","-0,68",,A续+B续
21,"1,25",12,75,58,"72,50","62,787","0,5625","2,613",75,"0,37","74,82","72,5","74,75","72,43","72,25","-0,68",,A续+B续
21,"1,25",12,78,60,"75,00","64,952","0,8125","2,902",78,"0,37","77,82","75,5","77,75","75,43","75,25","-0,68","A续:x_outside[-0.05,0.45](0.6500)",A续+B续
21,"1,25",12,80,62,"77,50","67,117","0,5625","2,613",80,"0,37","79,82","77,5","79,75","77,43","77,25","-0,68",,A续+B续
1,"1,5",14,12,6,"9,0","7,794","0,675","3,136",12,"0,39","11,75",9,"11,7","8,95","8,70","-0,61",,user_screenshot_1
1,"1,5",14,13,7,"10,5","9,093","0,425","2,847",13,"0,40","12,76",10,"12,7","9,94","9,70","-0,65",,user_screenshot_1
1,"1,5",14,14,8,"12,0","10,392","0,175","2,558",14,"0,40","13,76",11,"13,7","10,94","10,70","-0,65",,user_screenshot_1
1,"1,5",14,15,8,"12,0","10,392","0,675","3,136",15,"0,40","14,76",12,"14,7","11,94","11,70","-0,65",,user_screenshot_1
1,"1,5",14,16,9,"13,5","11,691","0,425","2,847",16,"0,40","15,76",13,"15,7","12,94","12,70","-0,65",,user_screenshot_1
1,"1,5",14,17,10,"15,0","12,990","0,175","2,558",17,"0,40","16,76",14,"16,7","13,94","13,70","-0,65",,user_screenshot_1
1,"1,5",14,18,10,"15,0","12,990","0,675","3,136",18,"0,40","17,76",15,"17,7","14,94","14,70","-0,65","cell:A_df1:recheck(L=-0,65|S=-0,65) -> value_from_recheck(.0,65 -> -0,65)",user_screenshot_1
1,"1,5",14,19,11,"16,5","14,289","0,425","2,847",19,"0,40","18,76",16,"18,7","15,94","15,70","-0,65",,user_screenshot_1
1,"1,5",14,20,12,"18,0","15,588","0,175","2,558",20,"0,40","19,76",17,"19,7","16,94","16,70","-0,65",,user_screenshot_1
1,"1,5",14,21,12,"18,0","15,588","0,675","3,136",21,"0,40","20,76",18,"20,7","17,94","17,70","-0,65",,user_screenshot_1
1,"1,5",14,22,13,"19,5","16,887","0,425","2,847",22,"0,40","21,76",19,"21,7","18,94","18,70","-0,65",,user_screenshot_1
1,"1,5",14,23,14,"21,0","18,187","0,175","2,558",23,"0,40","22,76",20,"22,7","19,94","19,70","-0,65","cell:d:multiword(21|,0); cell:d:recheck(L=21,0|S=210)",user_screenshot_1
1,"1,5",14,24,14,"21,0","18,187","0,675","3,136",24,"0,40","23,76",21,"23,7","20,94","20,70","-0,65",,user_screenshot_1
1,"1,5",14,25,15,"22,5","19,486","0,425","2,847",25,"0,40","24,76",22,"24,7","21,94","21,70","-0,65","cell:d_Ff1_max:multiword(21|,94); cell:d_Ff1_max:recheck(L=21,94|S=21,94); cell:d_f1:multiword(21|,70); cell:d_f1:recheck(L=21,70|S=21,70)",user_screenshot_1
1,"1,5",14,26,16,"24,0","20,7846","0,175","2,558",26,"0,41","25,76",23,"25,7","22,94","22,70","-0,69","cell:d_B:recheck(L=26|S=26); cell:z:recheck(L=16|S=16); cell:d:recheck(L=24,0|S=24,0); cell:d_b:recheck(L=29,785|S=29,785); cell:x1_m:recheck(L=0,175|S=0,175); cell:e2_s1:recheck(L=2,558|S=2,558); row:d_b!=d*cos30; row:vote_suspect:d_b:expected=20.7846(d*cos30 with d=24);value_unchanged",user_screenshot_1
1,"1,5",14,27,16,"24,0","20,785","0,675","3,136",27,"0,41","26,76",24,"26,7","23,94","23,70","-0,69",,user_screenshot_1
1,"1,5",14,28,17,"25,5","22,084","0,425","2,847",28,"0,41","27,76",25,"27,7","24,94","24,70","-0,69",,user_screenshot_1
1,"1,5",14,29,18,"27,0","23,383","0,175","2,558",29,"0,41","28,76",26,"28,7","25,94","25,70","-0,69",,user_screenshot_1
1,"1,5",14,30,18,"27,0","23,383","0,675","3,136",30,"0,41","29,76",27,"29,7","26,94","26,70","-0,69",,user_screenshot_1
1,"1,5",14,31,19,"28,5","24,682","0,425","2,847",31,"0,41","30,76",28,"30,7","27,94","27,70","-0,69",,user_screenshot_1
1,"1,5",14,32,20,"30,0","25,981","0,175","2,558",32,"0,41","31,76",29,"31,7","28,94","28,70","-0,69","cell:d_Ff2_min:multiword(31|.76); cell:d_Ff2_min:recheck(L=31,76|S=31,76); cell:d_a1:multiword(31|.7); cell:d_a1:recheck(L=31,7|S=31,7)",user_screenshot_1
1,"1,5",14,33,20,"30,0","25,981","0,675","3,136",33,"0,41","32,76",30,"32,7","29,94","29,70","-0,69",,user_screenshot_1
1,"1,5",14,34,21,"31,5","27,280","0,425","2,847",34,"0,41","33,76",31,"33,7","30,94","30,70","-0,69",,user_screenshot_1
1,"1,5",14,35,22,"33,0","28,579","0,175","2,558",35,"0,41","34,76",32,"34,7","31,94","31,70","-0,69",,user_screenshot_1
1,"1,5",14,36,22,"33,0","28,579","0,675","3,136",36,"0,41","35,76",33,"35,7","32,94","32,70","-0,69",,user_screenshot_1
1,"1,5",14,37,23,"34,5","29,878","0,425","2,847",37,"0,41","36,76",34,"36,7","33,94","33,70","-0,69",,user_screenshot_1
1,"1,5",14,38,24,"36,0","31,177","0,175","2,558",38,"0,41","37,76",35,"37,7","34,94","34,70","-0,69",,user_screenshot_1
1,"1,5",14,39,24,"36,0","31,177","0,675","3,136",39,"0,41","38,76",36,"38,7","35,94","35,70","-0,69",,user_screenshot_1
1,"1,5",14,40,25,"37,5","32,476","0,425","2,847",40,"0,41","39,76",37,"39,7","36,94","36,70","-0,69",,user_screenshot_1
1,"1,5",14,42,26,"39,0","33,775","0,675","3,136",42,"0,41","41,76",39,"41,7","38,94","38,70","-0,69",,user_screenshot_1
1,"1,5",14,45,28,"42,0","36,373","0,675","3,136",45,"0,41","44,76",42,"44,7","41,94","41,70","-0,69","cell:d_f1:multiword(41|,70); cell:d_f1:recheck(L=41,70|S=41,70)",user_screenshot_1
1,"1,5",14,47,30,"45,0","38,971","0,175","2,558",47,"0,41","46,76",44,"46,7","43,94","43,70","-0,69",,user_screenshot_1
1,"1,5",14,48,30,"45,0","38,971","0,675","3,136",48,"0,41","47,76",45,"47,7","44,94","44,70","-0,69",,user_screenshot_1
1,"1,5",14,50,32,"48,0","41,569","0,175","2,558",50,"0,41","49,76",47,"49,7","46,94","46,70","-0,69",,user_screenshot_1
1,"1,5",14,52,33,"49,5","42,868","0,425","2,847",52,"0,42","51,77",49,"51,7","48,93","48,70","-0,73","cell:d_Ff2_min:multiword(51|.77); cell:d_Ff2_min:recheck(L=51,77|S=51,77); cell:d_a1:multiword(51|.7); cell:d_a1:recheck(L=51,7|S=51,7)",user_screenshot_1
1,"1,5",14,55,35,"52,5","45,466","0,425","2,847",55,"0,42","54,77",52,"54,7","51,93","51,70","-0,73",,user_screenshot_1
1,"1,5",14,58,37,"55,5","48,064","0,425","2,847",58,"0,42","57,77",55,"57,7","54,93","54,70","-0,73",,user_screenshot_1
1,"1,5",14,60,38,"57,0","49,363","0,675","3,136",60,"0,42","59,77",57,"59,7","56,93","56,70","-0,73",,user_screenshot_1
1,"1,5",14,62,40,"60,0","51,962","0,175","2,558",62,"0,42","61,77",59,"61,7","58,93","58,70","-0,73",,user_screenshot_1
1,"1,5",14,65,42,"63,0","54,560","0,175","2,558",65,"0,42","64,77",62,"64,7","61,93","61,70","-0,73",,user_screenshot_1
1,"1,5",14,68,44,"66,0","57,158","0,175","2,558",68,"0,42","67,77",65,"67,7","64,93","64,70","-0,73",,user_screenshot_1
1,"1,5",14,70,45,"67,5","58,457","0,425","2,847",70,"0,42","69,77",67,"69,7","66,93","66,70","-0,73",,user_screenshot_1
1,"1,5",14,72,46,"69,0","59,756","0,675","3,136",72,"0,42","71,77",69,"71,7","68,93","68,70","-0,73","cell:d_Ff2_min:multiword(71|,77); cell:d_Ff2_min:recheck(L=71,77|S=71,77); cell:d_a1:multiword(71|.7); cell:d_a1:recheck(L=71,7|S=71,7)",user_screenshot_1
1,"1,5",14,75,48,"72,0","62,354","0,675","3,136",75,"0,42","74,77",72,"74,7","71,93","71,70","-0,73",,user_screenshot_1
1,"1,5",14,78,50,"75,0","64,952","0,675","3,136",78,"0,42","77,77",75,"77,7","74,93","74,70","-0,73",,user_screenshot_1
1,"1,5",14,80,52,"78,0","67,550","0,175","2,558",80,"0,42","79,77",77,"79,7","76,93","76,70","-0,73",,user_screenshot_1
1,"1,5",14,82,53,"79,5","68,849","0,425","2,847",82,"0,42","81,77",79,"81,7","78,93","78,70","-0,73",,user_screenshot_1
1,"1,5",14,85,55,"82,5","71,447","0,425","2,847",85,"0,42","84,77",82,"84,7","81,93","81,70","-0,73","cell:d_b:multiword(71|,447); cell:d_b:recheck(L=71,447|S=71,447); cell:d_f1:multiword(81|,70); cell:d_f1:recheck(L=81,70|S=81,70)",user_screenshot_1
1,"1,5",14,88,57,"85,5","74,045","0,425","2,847",88,"0,42","87,77",85,"87,7","84,93","84,70","-0,73",,user_screenshot_1
1,"1,5",14,90,58,"87,0","75,344","0,675","3,136",90,"0,42","89,77",87,"89,7","86,93","86,70","-0,73",,user_screenshot_1
1,"1,5",14,92,60,"90,0","77,942","0,175","2,558",92,"0,42","91,77",89,"91,7","88,93","88,70","-0,73","cell:d_Ff2_min:multiword(91|,77); cell:d_Ff2_min:recheck(L=91,77|S=91,77); cell:d_a1:multiword(91|.7); cell:d_a1:recheck(L=91,7|S=91,7)",user_screenshot_1
1,"1,5",14,95,62,"93,0","80,540","0,175","2,558",95,"0,42","94,77",92,"94,7","91,93","91,70","-0,73",,user_screenshot_1
1,"1,5",14,98,64,"96,0","83,138","0,175","2,558",98,"0,42","97,77",95,"97,7","94,93","94,70","-0,73",,user_screenshot_1
1,"1,5",14,100,64,"96,0","83,138","1,175","3,713",100,"0,42","99,77",97,"99,7","96,93","96,70","-0,73",,user_screenshot_1
1,"1,5",14,105,68,"102,0","88,335","0,675","3,136",105,"0,44","104,78",102,"104,7","101,92","101,70","-0,79",,user_screenshot_1
1,"1,5",14,110,72,"108,0","93,531","0,175","2,558",110,"0,44","109,78",107,"109,7","106,92","106,70","-0,79",,user_screenshot_1
25,"1,75",16,13,6,"10,50","9,093","0,2875","3,081",13,"0,46","12,71","9,5","12,65","9,44","9,15","-0,74",,A续+B续
25,"1,75",16,14,6,"10,50","9,093","0,7875","3,658",14,"0,46","13,71","10,5","13,65","10,44","10,15","-0,74",,A续+B续
25,"1,75",16,15,7,"12,25","10,609","0,4125","3,225",15,"0,46","14,71","11,5","14,65","11,44","11,15","-0,74",,A续+B续
25,"1,75",16,16,8,"14,00","12,124","0,0375","2,792",16,"0,46","15,71","12,5","15,65","12,44","12,15","-0,74","A续:z:junk_removed; B续:cell:d:recheck(L=14,00|S=14,00); B续:cell:d_b:recheck(L=12,124|S=12,124); B续:row:d!=m*z; conflict:z:A=8|B=83->8[A(d=m*z 检验通过(1/1))]",A续+B续→A
25,"1,75",16,17,8,"14,00","12,124","0,5375","3,370",17,"0,46","16,71","13,5","16,65","13,44","13,15","-0,74",,A续+B续
25,"1,75",16,18,9,"15,75","13,640","0,1625","2,937",18,"0,46","17,71","14,5","17,65","14,44","14,15","-0,74","A续:d_b:digit_count_mismatch(ocr=5,glyph=4); A续:retry:digit_count_mismatch(ocr=5,glyph=4); A续:glyph_confirmed",A续+B续
25,"1,75",16,19,9,"15,75","13,640","0,6625","3,514",19,"0,46","18,71","15,5","18,65","15,44","15,15","-0,74","A续:d_b:digit_count_mismatch(ocr=5,glyph=4); A续:retry:digit_count_mismatch(ocr=5,glyph=4); A续:glyph_confirmed",A续+B续
25,"1,75",16,20,10,"17,50","15,155","0,2875","3,081",20,"0,46","19,71","16,5","19,65","16,44","16,15","-0,74","B续:cell:x1_m:recheck(L=0,2875|S=0,2875) -> value_from_recheck(02875 -> 0,2875)",A续+B续
25,"1,75",16,21,10,"17,50","15,155","0,7875","3,658",21,"0,46","20,71","17,5","20,65","17,44","17,15","-0,74",,A续+B续
25,"1,75",16,22,11,"19,25","16,671","0,4125","3,225",22,"0,46","21,71","18,5","21,65","18,44","18,15","-0,74",,A续+B续
25,"1,75",16,23,12,"21,00","18,187","0,0375","2,792",23,"0,46","22,71","19,5","22,65","19,44","19,15","-0,74","conflict:d_Ff2min:A=22,11|B=22,71->22,71[B(unresolved_tie_default_B(A=0,B=0))]",A续+B续→B
25,"1,75",16,24,12,"21,00","18,187","0,5375","3,370",24,"0,46","23,71","20,5","23,65","20,44","20,15","-0,74",A续:d_Ff1_max:local_outlier(dv=-1061.280),A续+B续
25,"1,75",16,25,13,"22,75","19,702","0,1625","2,937",25,"0,46","24,71","21,5","24,65","21,44","21,15","-0,74","A续:d_Ff2_min:comma_restored; A续:d_Ff1_max:outlier_kept; A续:glyph_repair(old=21,44); A续:d_Ff1_max:local_outlier(dv=2122.565); conflict:d_Ff1max:A=2144|B=21,44->21,44[B(unresolved_tie_default_B(A=0,B=0))]",A续+B续→B
25,"1,75",16,26,13,"22,75","19,702","0,6625","3,514",26,"0,47","25,72","22,5","25,65","22,43","22,15","-0,78",A续:d_Ff1_max:outlier_retry(strip=2243); A续:d_f1:comma_restored; A续:d_Ff1_max:local_outlier(dv=-2221.070),A续+B续
25,"1,75",16,27,14,"24,50","21,218","0,2875","3,081",27,"0,47","26,72","23,5","26,65","23,43","23,15","-0,78","A续:d_Ff1_max:outlier_kept; A续:glyph_repair(old=23,43); A续:d_Ff1_max:local_outlier(dv=2319.570); B续:cell:x1_m:recheck(L=0,2875|S=0,2875) -> value_from_recheck(02875 -> 0,2875); conflict:d_Ff1max:A=2343|B=23,43->23,43[B(unresolved_tie_default_B(A=0,B=0))]",A续+B续→B
25,"1,75",16,28,14,"24,50","21,218","0,7875","3,658",28,"0,47","27,72","24,5","27,65","24,43","24,15","-0,78",A续:d_Ff1_max:local_outlier(dv=-1159.785),A续+B续
25,"1,75",16,29,15,"26,25","22,733","0,4125","3,225",29,"0,47","28,72","25,5","28,65","25,43","25,15","-0,78",,A续+B续
25,"1,75",16,30,16,"28,00","24,249","0,0375","2,792",30,"0,47","29,72","26,5","29,65","26,43","26,15","-0,78",,A续+B续
25,"1,75",16,31,16,"28,00","24,249","0,5375","3,370",31,"0,47","30,72","27,5","30,65","27,43","27,15","-0,78",,A续+B续
25,"1,75",16,32,17,"29,75","25,764","0,1625","2,937",32,"0,47","31,72","28,5","31,65","28,43","28,15","-0,78",,A续+B续
25,"1,75",16,33,17,"29,75","25,764","0,6625","3,514",33,"0,47","32,72","29,5","32,65","29,43","29,15","-0,78",,A续+B续
25,"1,75",16,34,18,"31,50","27,280","0,2875","3,081",34,"0,47","33,72","30,5","33,65","30,43","30,15","-0,78","B续:cell:x1_m:recheck(L=0,2875|S=0,2875) -> value_from_recheck(02875 -> 0,2875)",A续+B续
25,"1,75",16,35,18,"31,50","27,280","0,7875","3,658",35,"0,47","34,72","31,5","34,65","31,43","31,15","-0,78",,A续+B续
25,"1,75",16,36,19,"33,25","28,795","0,4125","3,225",36,"0,47","35,72","32,5","35,65","32,43","32,15","-0,78",,A续+B续
25,"1,75",16,37,20,"35,00","30,311","0,0375","2,792",37,"0,47","36,72","33,5","36,65","33,43","33,15","-0,78",,A续+B续
25,"1,75",16,38,20,"35,00","30,311","0,5375","3,370",38,"0,47","37,72","34,5","37,65","34,43","34,15","-0,78","A续:d_a2:digit_count_mismatch(ocr=3,glyph=2); A续:comma_pos_mismatch; A续:retry:digit_count_mismatch(ocr=3,glyph=2); A续:comma_pos_mismatch; A续:glyph_confirmed",A续+B续
25,"1,75",16,39,21,"36,75","31,826","0,1625","2,937",39,"0,47","38,72","35,5","38,65","35,43","35,15","-0,78",,A续+B续
25,"1,75",16,40,21,"36,75","31,826","0,6625","3,514",40,"0,47","39,72","36,5","39,65","36,43","36,15","-0,78","B续:cell:x1_m:maybe_missing_separator(05625); B续:cell:x1_m:recheck(L=0,6625|S=0,6625); conflict:x1_m:A=0,6625|B=05625->0,6625[A(e2 公式检验)]",A续+B续→A
25,"1,75",16,42,22,"38,50","33,342","0,7875","3,658",42,"0,47","41,72","38,5","41,65","38,43","38,15","-0,78","A续:d_b:digit_count_mismatch(ocr=5,glyph=4); A续:retry:digit_count_mismatch(ocr=5,glyph=4); A续:glyph_confirmed",A续+B续
25,"1,75",16,45,24,"42,00","36,373","0,5375","3,370",45,"0,47","44,72","41,5","44,65","41,43","41,15","-0,78",A续:d_Ff2_min:comma_restored; A续:d_a1:comma_restored,A续+B续
25,"1,75",16,47,25,"43,75","37,889","0,6625","3,514",47,"0,47","46,72","43,5","46,65","43,43","43,15","-0,78",,A续+B续
25,"1,75",16,48,26,"45,50","39,404","0,2875","3,081",48,"0,47","47,72","44,5","47,65","44,43","44,15","-0,78","A续:d_a2:digit_count_mismatch(ocr=3,glyph=2); A续:comma_pos_mismatch; A续:retry:digit_count_mismatch(ocr=3,glyph=2); A续:comma_pos_mismatch; A续:glyph_confirmed; A续:d_f1:comma_restored",A续+B续
25,"1,75",16,50,27,"47,25","40,920","0,4125","3,225",50,"0,47","49,72","46,5","49,65","46,43","46,15","-0,78",,A续+B续
25,"1,75",16,52,28,"49,00","42,435","0,5375","3,370",52,"0,49","51,73","48,5","51,65","48,42","48,15","-0,84","A续:e2_formula_off; A续:d_a2:local_outlier(dv=-20.700); A续:d_Ff1_max:local_outlier(dv=-2545.795); conflict:x1_m:A=0,6375|B=0,5375->0,5375[B(e2 公式检验)]",A续+B续→B
25,"1,75",16,55,30,"52,50","45,466","0,2875","3,081",55,"0,49","54,73","51,5","54,65","51,42","51,15","-0,84","A续:d_a2:outlier_retry(strip=51,5); A续:d_Ff1_max:outlier_kept; A续:glyph_repair(old=51,42); A续:d_a2:local_outlier(dv=40.400); A续:d_Ff1_max:local_outlier(dv=2396.790); B续:cell:x1_m:recheck(L=0,2875|S=0,2875) -> value_from_recheck(02875 -> 0,2875); conflict:d_a2:A=91,9|B=51,5->51,5[B(unresolved_tie_default_B(A=0,B=0))]; conflict:d_Ff1max:A=5142|B=51,42->51,42[B(unresolved_tie_default_B(A=0,B=0))]",A续+B续→B
25,"1,75",16,58,32,"56,00","48,497","0,0375","2,792",58,"0,49","57,73","54,5","57,65","54,42","54,15","-0,84","A续:d_a2:digit_count_mismatch(ocr=3,glyph=2); A续:comma_pos_mismatch; A续:retry:digit_count_mismatch(ocr=3,glyph=2); A续:comma_restored; A续:outlier_kept; A续:glyph_repair(old=5,45); A续:d_Ff1_max:digit_count_mismatch(ocr=4,glyph=3); A续:retry:digit_count_mismatch(ocr=4,glyph=3); A续:outlier_kept; A续:glyph_confirmed; A续:d_a2:local_outlier(dv=-19.700); conflict:d_Ff1max:A=5442|B=54,42->54,42[B(unresolved_tie_default_B(A=0,B=0))]",A续+B续→B
25,"1,75",16,60,33,"57,75","50,013","0,1625","2,937",60,"0,49","59,73","56,5","59,65","56,42","56,15","-0,84","A续:d_a2:outlier_kept; A续:glyph_confirmed; A续:d_Ff1_max:outlier_kept; A续:glyph_repair(old=56,42); A续:d_Ff1_max:local_outlier(dv=2891.790); conflict:d_Ff1max:A=5642|B=56,42->56,42[B(unresolved_tie_default_B(A=0,B=0))]",A续+B续→B
25,"1,75",16,62,34,"59,50","51,529","0,2875","3,081",62,"0,49","61,73","58,5","61,65","58,42","58,15","-0,84",A续:d_Ff1_max:local_outlier(dv=-2793.290),A续+B续
25,"1,75",16,65,36,"63,00","54,560","0,0375","2,792",65,"0,49","64,73","61,5","64,65","61,42","61,15","-0,84",,A续+B续
25,"1,75",16,68,37,"64,75","56,075","0,6625","3,514",68,"0,49","67,73","64,5","67,65","64,42","64,15","-0,84","A续:d_a2:digit_count_mismatch(ocr=3,glyph=2); A续:comma_pos_mismatch; A续:retry:digit_count_mismatch(ocr=3,glyph=2); A续:comma_pos_mismatch; A续:glyph_confirmed",A续+B续
25,"1,75",16,70,38,"66,50","57,591","0,7875","3,658",70,"0,49","69,73","66,5","69,65","66,42","66,15","-0,84",,A续+B续
25,"1,75",16,72,40,"70,00","60,622","0,0375","2,792",72,"0,49","71,73","68,5","71,65","68,42","68,15","-0,84",,A续+B续
25,"1,75",16,75,41,"71,75","62,137","0,6625","3,514",75,"0,49","74,73","71,5","74,65","71,42","71,15","-0,84",,A续+B续
25,"1,75",16,78,43,"75,25","65,168","0,4125","3,225",78,"0,49","77,73","74,5","77,65","74,42","74,15","-0,84","A续:d_a2:comma_restored; B续:cell:d:recheck(L=75,25|S=75,25) -> value_from_recheck(7525 -> 75,25); B续:cell:d_b:recheck(L=65,168|S=65,168)",A续+B续
25,"1,75",16,80,44,"77,00","66,684","0,5375","3,370",80,"0,49","79,73","76,5","79,65","76,42","76,15","-0,84",,A续+B续
25,"1,75",16,82,45,"78,75","68,200","0,6625","3,514",82,"0,49","81,73","78,5","81,65","78,42","78,15","-0,84",,A续+B续
25,"1,75",16,85,47,"82,25","71,231","0,4125","3,225",85,"0,49","84,73","81,5","84,65","81,42","81,15","-0,84",,A续+B续
25,"1,75",16,88,49,"85,75","74,262","0,1625","2,937",88,"0,49","87,73","84,5","87,65","84,42","84,15","-0,84","A续:d_a2:digit_count_mismatch(ocr=3,glyph=2); A续:comma_pos_mismatch; A续:retry:digit_count_mismatch(ocr=3,glyph=2); A续:comma_pos_mismatch; A续:glyph_confirmed",A续+B续
25,"1,75",16,90,50,"87,50","75,777","0,2875","3,081",90,"0,49","89,73","86,5","89,65","86,42","86,15","-0,84",,A续+B续
25,"1,75",16,92,51,"89,25","77,293","0,4125","3,225",92,"0,49","91,73","88,5","91,65","88,42","88,15","-0,84",,A续+B续
25,"1,75",16,95,53,"92,75","80,324","0,1625","2,937",95,"0,49","94,73","91,5","94,65","91,42","91,15","-0,84",A续:d_a2:local_outlier(dv=45.000),A续+B续
25,"1,75",16,98,54,"94,50","81,839","0,7875","3,658",98,"0,49","97,73","94,5","97,65","94,42","94,15","-0,84","A续:d_a2:digit_count_mismatch(ocr=3,glyph=2); A续:comma_pos_mismatch; A续:retry:digit_count_mismatch(ocr=3,glyph=2); A续:comma_pos_mismatch; A续:glyph_repair(old=94,5); A续:d_a2:local_outlier(dv=-89.500); conflict:d_a2:A=04,5|B=94,5->94,5[B(unresolved_tie_default_B(A=0,B=0))]",A续+B续→B
25,"1,75",16,100,56,"98,00","84,870","0,0375","2,792",100,"0,49","99,73","96,5","99,65","96,42","96,15","-0,84",A续:d_a2:local_outlier(dv=43.500),A续+B续
25,"1,75",16,105,58,"101,50","87,902","0,7875","3,658",105,"0,51","104,74","101,5","104,65","101,41","101,15","-0,90",,A续+B续
25,"1,75",16,110,60,"105,00","90,933","1,5375","4,524",110,"0,51","109,74","106,5","109,65","106,41","106,15","-0,90","A续:x_outside[-0.05,0.45](0.8786)",A续+B续
25,"1,75",16,110,61,"106,75","92,448","0,6625","3,514",110,"0,51","109,74","106,5","109,65","106,41","106,15","-0,90","A续:d_b:digit_count_mismatch(ocr=5,glyph=4); A续:retry:digit_count_mismatch(ocr=5,glyph=4); A续:glyph_confirmed; B续:row:d_B_not_increasing; merged_chk:d_B_not_increasing",A续+B续
25,"1,75",16,120,66,"115,50","100,026","1,2875","4,236",120,"0,51","119,74","116,5","119,65","116,41","116,15","-0,90","A续:x_outside[-0.05,0.45](0.7357); B续:cell:x1_m:recheck(L=1,2875|S=1,2875) -> value_from_recheck(12875 -> 1,2875)",A续+B续
25,"1,75",16,120,67,"117,25","101,541","0,4125","3,225",120,"0,51","119,74","116,5","119,65","116,41","116,15","-0,90",B续:row:d_B_not_increasing; merged_chk:d_B_not_increasing,A续+B续
27,2,18,15,6,12,"10,392","0,4","3,603",15,"0,51","14,66",11,"14,6","10,94","10,60","-0,79",,A续+B续
27,2,18,16,6,12,"10,392","0,9","4,181",16,"0,51","15,66",12,"15,6","11,94","11,60","-0,79",,A续+B续
27,2,18,17,7,14,"12,124","0,4","3,603",17,"0,51","16,66",13,"16,6","12,94","12,60","-0,79",,A续+B续
27,2,18,18,7,14,"12,124","0,9","4,181",18,"0,51","17,66",14,"17,6","13,94","13,60","-0,79",,A续+B续
27,2,18,20,8,16,"13,856","0,9","4,181",20,"0,51","19,66",16,"19,6","15,94","15,60","-0,79",,A续+B续
27,2,18,22,9,18,"15,588","0,9","4,181",22,"0,51","21,66",18,"21,6","17,94","17,60","-0,79",,A续+B续
27,2,18,25,11,22,"19,053","0,4","3,603",25,"0,51","24,66",21,"24,6","20,94","20,60","-0,79","A续:d_b:digit_count_mismatch(ocr=6,glyph=5); A续:retry:ok",A续+B续
27,2,18,28,12,24,"20,785","0,9","4,181",28,"0,52","27,67",24,"27,6","23,93","23,60","-0,83",,A续+B续
27,2,18,30,13,26,"22,517","0,9","4,181",30,"0,52","29,67",26,"29,6","25,93","25,60","-0,83",,A续+B续
27,2,18,30,14,28,"24,249","-0,1","3,026",30,"0,52","29,67",26,"29,6","25,93","25,60","-0,83",A续:z:junk_removed; B续:cell:z:multiword(14|3); B续:cell:z:recheck(L=14511|S=14); B续:row:d_B_not_increasing; conflict:z:A=14|B=143->14[A(d=m*z 检验通过(1/1))]; merged_chk:d_B_not_increasing,A续+B续→A
27,2,18,32,14,28,"24,249","0,9","4,181",32,"0,52","31,67",28,"31,6","27,93","27,60","-0,83",,A续+B续
27,2,18,35,16,32,"27,713","0,4","3,603",35,"0,52","34,67",31,"34,6","30,93","30,60","-0,83",,A续+B续
27,2,18,37,17,34,"29,445","0,4","3,603",37,"0,52","36,67",33,"36,6","32,93","32,60","-0,83","A续:d:digit_count_mismatch(ocr=2,glyph=1); A续:retry:digit_count_mismatch(ocr=2,glyph=1); A续:glyph_confirmed",A续+B续
27,2,18,38,18,36,"31,177","-0,1","3,026",38,"0,52","37,67",34,"37,6","33,93","33,60","-0,83",A续:z:junk_removed; A续:footnote_marker; B续:cell:z:multiword(18|3); B续:cell:z:recheck(L=183|S=18); conflict:z:A=18|B=183->18[A(d=m*z 检验通过(1/1))],A续+B续→A
27,2,18,40,18,36,"31,177","0,9","4,181",40,"0,52","39,67",36,"39,6","35,93","35,60","-0,83",,A续+B续
27,2,18,42,20,40,"34,641","-0,1","3,026",42,"0,52","41,67",38,"41,6","37,93","37,60","-0,83","A续:z:junk_removed; A续:footnote_marker; A续:d_b:digit_count_mismatch(ocr=5,glyph=4); A续:comma_pos_mismatch; A续:retry:digit_count_mismatch(ocr=5,glyph=4); A续:comma_pos_mismatch; A续:glyph_confirmed; B续:cell:z:multiword(20|3); B续:cell:z:recheck(L=203|S=20); conflict:z:A=20|B=203->20[A(d=m*z 检验通过(1/1))]",A续+B续→A
27,2,18,45,21,42,"36,373","0,4","3,603",45,"0,52","44,67",41,"44,6","40,93","40,60","-0,83",,A续+B续
27,2,18,47,22,44,"38,105","0,4","3,603",47,"0,52","46,67",43,"46,6","42,93","42,60","-0,83","A续:d:digit_count_mismatch(ocr=2,glyph=1); A续:retry:digit_count_mismatch(ocr=2,glyph=1); A续:glyph_confirmed",A续+B续
27,2,18,48,22,44,"38,105","0,9","4,181",48,"0,52","47,67",44,"47,6","43,93","43,60","-0,83","A续:d:digit_count_mismatch(ocr=2,glyph=1); A续:retry:digit_count_mismatch(ocr=2,glyph=1); A续:glyph_confirmed",A续+B续
27,2,18,50,24,48,"41,569","-0,1","3,026",50,"0,52","49,67",46,"49,6","45,93","45,60","-0,83","B续:cell:d_b:multiword(41|,569); B续:cell:d_b:recheck(L=41,569|S=41,569)",A续+B续
27,2,18,52,24,48,"41,569","0,9","4,181",52,"0,54","51,68",48,"51,6","47,92","47,60","-0,89",,A续+B续
27,2,18,55,26,52,"45,033","0,4","3,603",55,"0,54","54,68",51,"54,6","50,92","50,60","-0,89",,A续+B续
27,2,18,58,28,56,"48,497","-0,1","3,026",58,"0,54","57,68",54,"57,6","53,92","53,60","-0,89",,A续+B续
27,2,18,60,28,56,"48,497","0,9","4,181",60,"0,54","59,68",56,"59,6","55,92","55,60","-0,89",,A续+B续
27,2,18,62,30,60,"51,962","-0,1","3,026",62,"0,54","61,68",58,"61,6","57,92","57,60","-0,89",,A续+B续
27,2,18,65,31,62,"53,694","0,4","3,603",65,"0,54","64,68",61,"64,6","60,92","60,60","-0,89",,A续+B续
27,2,18,68,32,64,"55,426","0,9","4,181",68,"0,54","67,68",64,"67,6","63,92","63,60","-0,89","A续:d:digit_count_mismatch(ocr=2,glyph=1); A续:retry:digit_count_mismatch(ocr=2,glyph=1); A续:glyph_uncertain",A续+B续
27,2,18,70,34,68,"58,890","-0,1","3,026",70,"0,54","69,68",66,"69,6","65,92","65,60","-0,89","A续:z:digit_count_mismatch(ocr=2,glyph=1); A续:retry:digit_count_mismatch(ocr=2,glyph=1); A续:glyph_confirmed",A续+B续
27,2,18,72,34,68,"58,890","0,9","4,181",72,"0,54","71,68",68,"71,6","67,92","67,60","-0,89","A续:z:digit_count_mismatch(ocr=2,glyph=1); A续:retry:digit_count_mismatch(ocr=2,glyph=1); A续:glyph_confirmed",A续+B续
27,2,18,75,36,72,"62,354","0,4","3,603",75,"0,54","74,68",71,"74,6","70,92","70,60","-0,89",,A续+B续
27,2,18,78,38,76,"65,818","-0,1","3,026",78,"0,54","77,68",74,"77,6","73,92","73,60","-0,89",,A续+B续
27,2,18,80,38,76,"65,818","0,9","4,181",80,"0,54","79,68",76,"79,6","75,92","75,60","-0,89",,A续+B续
27,2,18,82,40,80,"69,282","-0,1","3,026",82,"0,54","81,68",78,"81,6","77,92","77,60","-0,89",,A续+B续
27,2,18,85,41,82,"71,014","0,4","3,603",85,"0,54","84,68",81,"84,6","80,92","80,60","-0,89",,A续+B续
27,2,18,88,42,84,"72,746","0,9","4,181",88,"0,54","87,68",84,"87,6","83,92","83,60","-0,89","A续:d:digit_count_mismatch(ocr=2,glyph=1); A续:retry:digit_count_mismatch(ocr=2,glyph=1); A续:glyph_confirmed",A续+B续
27,2,18,90,44,88,"76,210","-0,1","3,026",90,"0,54","89,68",86,"89,6","85,92","85,60","-0,89",,A续+B续
27,2,18,92,44,88,"76,210","0,9","4,181",92,"0,54","91,68",88,"91,6","87,92","87,60","-0,89",,A续+B续
27,2,18,95,46,92,"79,674","0,4","3,603",95,"0,54","94,68",91,"94,6","90,92","90,60","-0,89",,A续+B续
27,2,18,98,48,96,"83,138","-0,1","3,026",98,"0,54","97,68",94,"97,6","93,92","93,60","-0,89",,A续+B续
27,2,18,100,48,96,"83,138","0,9","4,181",100,"0,54","99,68",96,"99,6","95,92","95,60","-0,89",,A续+B续
27,2,18,105,51,102,"88,335","0,4","3,603",105,"0,56","104,69",101,"104,6","100,91","100,60","-0,95",B续:cell:d:maybe_missing_separator(102); B续:cell:d:recheck(L=102|S=102); B续:cell:d_a2:maybe_missing_separator(101); B续:cell:d_a2:recheck(L=101|S=101),A续+B续
27,2,18,110,54,108,"93,531","-0,1","3,026",110,"0,56","109,69",106,"109,6","105,91","105,60","-0,95","A续:z:digit_count_mismatch(ocr=2,glyph=1); A续:retry:digit_count_mismatch(ocr=2,glyph=1); A续:glyph_confirmed; B续:cell:d:maybe_missing_separator(108); B续:cell:d:recheck(L=108|S=108); B续:cell:d_a2:maybe_missing_separator(106); B续:cell:d_a2:recheck(L=106|S=106)",A续+B续
27,2,18,120,58,116,"100,459","0,9","4,181",120,"0,56","119,69",116,"119,6","115,91","115,60","-0,95",B续:cell:d:maybe_missing_separator(116); B续:cell:d:recheck(L=116|S=116); B续:cell:d_a2:maybe_missing_separator(116); B续:cell:d_a2:recheck(L=116|S=116),A续+B续
27,2,18,130,64,128,"110,851","-0,1","3,026",130,"0,56","129,69",126,"129,6","125,91","125,60","-0,95","A续:z:digit_count_mismatch(ocr=2,glyph=1); A续:retry:digit_count_mismatch(ocr=2,glyph=1); A续:glyph_confirmed; B续:cell:d:maybe_missing_separator(128); B续:cell:d:recheck(L=128|S=128); B续:cell:d_a2:maybe_missing_separator(126); B续:cell:d_a2:recheck(L=126|S=126)",A续+B续
27,2,18,140,68,136,"117,779","0,9","4,181",140,"0,56","139,69",136,"139,6","135,91","135,60","-0,95",B续:cell:d:maybe_missing_separator(136); B续:cell:d:recheck(L=136|S=136); B续:cell:d_a2:maybe_missing_separator(136); B续:cell:d_a2:recheck(L=136|S=136),A续+B续
27,2,18,150,74,148,"128,172","-0,1","3,026",150,"0,56","149,69",146,"149,6","145,91","145,60","-0,95",B续:cell:d:maybe_missing_separator(148); B续:cell:d:recheck(L=148|S=148); B续:cell:d_a2:maybe_missing_separator(146); B续:cell:d_a2:recheck(L=146|S=146),A续+B续
29,"2,5",20,20,6,"15,0","12,990","1,125","5,226",20,"0,61","19,56",15,"19,5","14,94","14,50","-0,89",,A续2+B续2
29,"2,5",20,22,7,"17,5","15,155","0,875","4,937",22,"0,61","21,56",17,"21,5","16,94","16,50","-0,89",,A续2+B续2
29,"2,5",20,25,8,"20,0","17,321","1,125","5,226",25,"0,61","24,56",20,"24,5","19,94","19,50","-0,89",,A续2+B续2
29,"2,5",20,28,10,"25,0","21,651","0,125","4,071",28,"0,62","27,57",23,"27,5","22,93","22,50","-0,93",,A续2+B续2
29,"2,5",20,30,10,"25,0","21,651","1,125","5,226",30,"0,62","29,57",25,"29,5","24,93","24,50","-0,93",,A续2+B续2
29,"2,5",20,32,11,"27,5","23,816","0,875","4,937",32,"0,62","31,57",27,"31,5","26,93","26,50","-0,93",,A续2+B续2
29,"2,5",20,35,12,"30,0","25,981","1,125","5,226",35,"0,62","34,57",30,"34,5","29,93","29,50","-0,93",,A续2+B续2
29,"2,5",20,37,13,"32,5","28,146","0,875","4,937",37,"0,62","36,57",32,"36,5","31,93","31,50","-0,93",,A续2+B续2
29,"2,5",20,38,14,"35,0","30,311","0,125","4,071",38,"0,62","37,57",33,"37,5","32,93","32,50","-0,93",,A续2+B续2
29,"2,5",20,40,14,"35,0","30,311","1,125","5,226",40,"0,62","39,57",35,"39,5","34,93","34,50","-0,93",,A续2+B续2
29,"2,5",20,42,15,"37,5","32,476","0,875","4,937",42,"0,62","41,57",37,"41,5","36,93","36,50","-0,93",,A续2+B续2
29,"2,5",20,45,16,"40,0","34,641","1,125","5,226",45,"0,62","44,57",40,"44,5","39,93","39,50","-0,93",,A续2+B续2
29,"2,5",20,47,17,"42,5","36,806","0,875","4,937",47,"0,62","46,57",42,"46,5","41,93","41,50","-0,93",,A续2+B续2
29,"2,5",20,48,18,"45,0","38,971","0,125","4,071",48,"0,62","47,57",43,"47,5","42,93","42,50","-0,93",,A续2+B续2
29,"2,5",20,50,18,"45,0","38,971","1,125","5,226",50,"0,62","49,57",45,"49,5","44,93","44,50","-0,93",,A续2+B续2
29,"2,5",20,52,19,"47,5","41,136","0,875","4,937",52,"0,64","51,58",47,"51,5","46,92","46,50","-0,99",,A续2+B续2
29,"2,5",20,55,20,"50,0","43,301","1,125","5,226",55,"0,64","54,58",50,"54,5","49,92","49,50","-0,99",,A续2+B续2
29,"2,5",20,58,22,"55,0","47,631","0,125","4,071",58,"0,64","57,58",53,"57,5","52,92","52,50","-0,99",,A续2+B续2
29,"2,5",20,60,22,"55,0","47,631","1,125","5,226",60,"0,64","59,58",55,"59,5","54,92","54,50","-0,99",,A续2+B续2
29,"2,5",20,62,23,"57,5","49,796","0,875","4,937",62,"0,64","61,58",57,"61,5","56,92","56,50","-0,99",,A续2+B续2
29,"2,5",20,65,24,"60,0","51,962","1,125","5,226",65,"0,64","64,58",60,"64,5","59,92","59,50","-0,99",,A续2+B续2
29,"2,5",20,68,26,"65,0","56,292","0,125","4,071",68,"0,64","67,58",63,"67,5","62,92","62,50","-0,99",,A续2+B续2
29,"2,5",20,70,26,"65,0","56,292","1,125","5,226",70,"0,64","69,58",65,"69,5","64,92","64,50","-0,99",,A续2+B续2
29,"2,5",20,72,27,"67,5","58,457","0,875","4,937",72,"0,64","71,58",67,"71,5","66,92","66,50","-0,99",,A续2+B续2
29,"2,5",20,75,28,"70,0","60,622","1,125","5,226",75,"0,64","74,58",70,"74,5","69,92","69,50","-0,99",,A续2+B续2
29,"2,5",20,78,30,"75,0","64,952","0,125","4,071",78,"0,64","77,58",73,"77,5","72,92","72,50","-0,99",,A续2+B续2
29,"2,5",20,80,30,"75,0","64,952","1,125","5,226",80,"0,64","79,58",75,"79,5","74,92","74,50","-0,99",,A续2+B续2
29,"2,5",20,82,31,"77,5","67,117","0,875","4,937",82,"0,64","81,58",77,"81,5","76,92","76,50","-0,99",,A续2+B续2
29,"2,5",20,85,32,"80,0","69,282","1,125","5,226",85,"0,64","84,58",80,"84,5","79,92","79,50","-0,99",,A续2+B续2
29,"2,5",20,88,34,"85,0","73,612","0,125","4,071",88,"0,64","87,58",83,"87,5","82,92","82,50","-0,99",,A续2+B续2
29,"2,5",20,90,34,"85,0","73,612","1,125","5,226",90,"0,64","89,58",85,"89,5","84,92","84,50","-0,99",,A续2+B续2
29,"2,5",20,92,35,"87,5","75,777","0,875","4,937",92,"0,64","91,58",87,"91,5","86,92","86,50","-0,99",,A续2+B续2
29,"2,5",20,95,36,"90,0","77,942","1,125","5,226",95,"0,64","94,58",90,"94,5","89,92","89,50","-0,99",,A续2+B续2
29,"2,5",20,98,38,"95,0","82,272","0,125","4,071",98,"0,64","97,58",93,"97,5","92,92","92,50","-0,99",,A续2+B续2
29,"2,5",20,100,38,"95,0","82,272","1,125","5,226",100,"0,64","99,58",95,"99,5","94,92","94,50","-0,99",,A续2+B续2
29,"2,5",20,105,40,"100,0","86,603","1,125","5,226",105,"0,66","104,59",100,"104,5","99,91","99,50","-1,05",B续2:cell:d_a2:maybe_missing_separator(100); B续2:cell:d_a2:recheck(L=100|S=100),A续2+B续2
29,"2,5",20,110,42,"105,0","90,933","1,125","5,226",110,"0,66","109,59",105,"109,5","104,91","104,50","-1,05",B续2:cell:d_a2:maybe_missing_separator(105); B续2:cell:d_a2:recheck(L=105|S=105),A续2+B续2
29,"2,5",20,120,46,"115,0","99,593","1,125","5,226",120,"0,66","119,59",115,"119,5","114,91","114,50","-1,05",B续2:cell:d_a2:maybe_missing_separator(115); B续2:cell:d_a2:recheck(L=115|S=115),A续2+B续2
29,"2,5",20,130,50,"125,0","108,253","1,125","5,226",130,"0,66","129,59",125,"129,5","124,91","124,50","-1,05",B续2:cell:d_a2:maybe_missing_separator(125); B续2:cell:d_a2:recheck(L=125|S=125),A续2+B续2
29,"2,5",20,140,54,"135,0","116,913","1,125","5,226",140,"0,66","139,59",135,"139,5","134,91","134,50","-1,05",B续2:cell:d_a2:maybe_missing_separator(135); B续2:cell:d_a2:recheck(L=135|S=135),A续2+B续2
29,"2,5",20,150,58,"145,0","125,574","1,125","5,226",150,"0,66","149,59",145,"149,5","144,91","144,50","-1,05",B续2:cell:d_a2:maybe_missing_separator(145); B续2:cell:d_a2:recheck(L=145|S=145),A续2+B续2
31,3,22,22,6,18,"15,588","0,35","5,117",22,"0,71","21,46",16,"21,4","15,94","15,40","-0,99",m_src:header_ocr(p31),A续2+B续2
31,3,22,25,7,21,"18,187","0,35","5,117",25,"0,71","24,46",19,"24,4","18,94","18,40","-0,99",m_src:header_ocr(p31),A续2+B续2
31,3,22,28,8,24,"20,785","0,35","5,117",28,"0,72","27,47",22,"27,4","21,93","21,40","-1,03",m_src:header_ocr(p31),A续2+B续2
31,3,22,30,8,24,"20,785","1,35","6,271",30,"0,72","29,47",24,"29,4","23,93","23,40","-1,03",m_src:header_ocr(p31),A续2+B续2
31,3,22,32,9,27,"23,383","0,85","5,694",32,"0,72","31,47",26,"31,4","25,93","25,40","-1,03",m_src:header_ocr(p31),A续2+B续2
31,3,22,35,10,30,"25,981","0,85","5,694",35,"0,72","34,47",29,"34,4","28,93","28,40","-1,03",m_src:header_ocr(p31),A续2+B续2
31,3,22,37,11,33,"28,579","0,35","5,117",37,"0,72","36,47",31,"36,4","30,93","30,40","-1,03",m_src:header_ocr(p31),A续2+B续2
31,3,22,38,11,33,"28,579","0,85","5,694",38,"0,72","37,47",32,"37,4","31,93","31,40","-1,03",m_src:header_ocr(p31),A续2+B续2
31,3,22,40,12,36,"31,177","0,35","5,117",40,"0,72","39,47",34,"39,4","33,93","33,40","-1,03",m_src:header_ocr(p31),A续2+B续2
31,3,22,42,12,36,"31,177","1,35","6,271",42,"0,72","41,47",36,"41,4","35,93","35,40","-1,03",m_src:header_ocr(p31),A续2+B续2
31,3,22,45,13,39,"33,775","1,35","6,271",45,"0,72","44,47",39,"44,4","38,93","38,40","-1,03",m_src:header_ocr(p31),A续2+B续2
31,3,22,45,14,42,"36,373","-0,15","4,539",45,"0,72","44,47",39,"44,4","38,93","38,40","-1,03",B续2:row:d_B_not_increasing; m_src:header_ocr(p31); xchk:z:A=14|B=148->14[A:d=m*z 检验通过]; merged_chk:d_B_not_increasing,A续2+B续2→A续2
31,3,22,47,14,42,"36,373","0,85","5,694",47,"0,72","46,47",41,"46,4","40,93","40,40","-1,03",m_src:header_ocr(p31),A续2+B续2
31,3,22,48,14,42,"36,373","1,35","6,271",48,"0,72","47,47",42,"47,4","41,93","41,40","-1,03",m_src:header_ocr(p31),A续2+B续2
31,3,22,50,15,45,"38,971","0,85","5,694",50,"0,72","49,47",44,"49,4","43,93","43,40","-1,03",m_src:header_ocr(p31),A续2+B续2
31,3,22,52,16,48,"41,569","0,35","5,117",52,"0,74","51,48",46,"51,4","45,92","45,40","-1,09",m_src:header_ocr(p31); xchk:d_f2:A=5?|B=52->taken_B(only_parseable),A续2+B续2→B续2
31,3,22,55,17,51,"44,167","0,35","5,117",55,"0,74","54,48",49,"54,4","48,92","48,40","-1,09",m_src:header_ocr(p31),A续2+B续2
31,3,22,58,18,54,"46,765","0,35","5,117",58,"0,74","57,48",52,"57,4","51,92","51,40","-1,09",m_src:header_ocr(p31),A续2+B续2
31,3,22,60,18,54,"46,765","1,35","6,271",60,"0,74","59,48",54,"59,4","53,92","53,40","-1,09",m_src:header_ocr(p31),A续2+B续2
31,3,22,62,19,57,"49,363","0,85","5,694",62,"0,74","61,48",56,"61,4","55,92","55,40","-1,09",m_src:header_ocr(p31),A续2+B续2
31,3,22,65,20,60,"51,962","0,85","5,694",65,"0,74","64,48",59,"64,4","58,92","58,40","-1,09","B续2:cell:d_b:multiword(51|,962); B续2:cell:d_b:recheck(L=51,962|S=51,962); B续2:cell:A_df1:multiword(-1|,09); B续2:cell:A_df1:recheck(L=-1,09|S=-1,09); m_src:header_ocr(p31)",A续2+B续2
31,3,22,68,21,63,"54,560","0,85","5,694",68,"0,74","67,48",62,"67,4","61,92","61,40","-1,09",m_src:header_ocr(p31),A续2+B续2
31,3,22,70,22,66,"57,158","0,35","5,117",70,"0,74","69,48",64,"69,4","63,92","63,40","-1,09",m_src:header_ocr(p31),A续2+B续2
31,3,22,72,22,66,"57,158","1,35","6,271",72,"0,74","71,48",66,"71,4","65,92","65,40","-1,09",m_src:header_ocr(p31),A续2+B续2
31,3,22,75,24,72,"62,354","-0,15","4,539",75,"0,74","74,48",69,"74,4","68,92","68,40","-1,09",m_src:header_ocr(p31),A续2+B续2
31,3,22,78,24,72,"62,354","1,35","6,271",78,"0,74","77,48",72,"77,4","71,92","71,40","-1,09",m_src:header_ocr(p31),A续2+B续2
31,3,22,80,25,75,"64,952","0,85","5,694",80,"0,74","79,48",74,"79,4","73,92","73,40","-1,09","B续2:cell:A_df1:multiword(-1|,09); B续2:cell:A_df1:recheck(L=-1,09|S=-1,09); m_src:header_ocr(p31)",A续2+B续2
31,3,22,82,26,78,"67,550","0,35","5,117",82,"0,74","81,48",76,"81,4","75,92","75,40","-1,09",m_src:header_ocr(p31),A续2+B续2
31,3,22,85,27,81,"70,148","0,35","5,117",85,"0,74","84,48",79,"84,4","78,92","78,40","-1,09",m_src:header_ocr(p31),A续2+B续2
31,3,22,88,28,84,"72,746","0,35","5,117",88,"0,74","87,48",82,"87,4","81,92","81,40","-1,09",m_src:header_ocr(p31),A续2+B续2
31,3,22,90,28,84,"72,746","1,35","6,271",90,"0,74","89,48",84,"89,4","83,92","83,40","-1,09","B续2:cell:A_df1:multiword(-1|,09); B续2:cell:A_df1:recheck(L=-1,09|S=-1,09); m_src:header_ocr(p31)",A续2+B续2
31,3,22,92,29,87,"75,344","0,85","5,694",92,"0,74","91,48",86,"91,4","85,92","85,40","-1,09",m_src:header_ocr(p31),A续2+B续2
31,3,22,95,30,90,"77,942","0,85","5,694",95,"0,74","94,48",89,"94,4","88,92","88,40","-1,09","B续2:cell:A_df1:multiword(-1|,09); B续2:cell:A_df1:recheck(L=-1,09|S=-1,09); m_src:header_ocr(p31)",A续2+B续2
31,3,22,98,31,93,"80,540","0,85","5,694",98,"0,74","97,48",92,"97,4","91,92","91,40","-1,09",m_src:header_ocr(p31),A续2+B续2
31,3,22,100,32,96,"83,138","0,35","5,117",100,"0,74","99,48",94,"99,4","93,92","93,40","-1,09",m_src:header_ocr(p31),A续2+B续2
31,3,22,105,34,102,"88,335","-0,15","4,539",105,"0,76","104,49",99,"104,4","98,91","98,40","-1,15",B续2:cell:d:maybe_missing_separator(102); B续2:cell:d:recheck(L=102|S=102); m_src:header_ocr(p31),A续2+B续2
31,3,22,110,35,105,"90,933","0,85","5,694",110,"0,76","109,49",104,"109,4","103,91","103,40","-1,15",B续2:cell:d:maybe_missing_separator(105); B续2:cell:d:recheck(L=105|S=105); B续2:cell:d_a2:maybe_missing_separator(104); B续2:cell:d_a2:recheck(L=104|S=104); m_src:header_ocr(p31),A续2+B续2
31,3,22,120,38,114,"98,727","1,35","6,271",120,"0,76","119,49",114,"119,4","113,91","113,40","-1,15",B续2:cell:d:maybe_missing_separator(114); B续2:cell:d:recheck(L=114|S=114); B续2:cell:d_a2:maybe_missing_separator(114); B续2:cell:d_a2:recheck(L=114|S=114); m_src:header_ocr(p31),A续2+B续2
31,3,22,130,42,126,"109,119","0,35","5,117",130,"0,76","129,49",124,"129,4","123,91","123,40","-1,15",B续2:cell:d:maybe_missing_separator(126); B续2:cell:d:recheck(L=126|S=126); B续2:cell:d_a2:maybe_missing_separator(124); B续2:cell:d_a2:recheck(L=124|S=124); m_src:header_ocr(p31),A续2+B续2
31,3,22,140,45,135,"116,913","0,85","5,694",140,"0,76","139,49",134,"139,4","133,91","133,40","-1,15",B续2:cell:d:maybe_missing_separator(135); B续2:cell:d:recheck(L=135|S=135); B续2:cell:d_a2:maybe_missing_separator(134); B续2:cell:d_a2:recheck(L=134|S=134); m_src:header_ocr(p31),A续2+B续2
31,3,22,150,48,144,"124,708","1,35","6,271",150,"0,76","149,49",144,"149,4","143,91","143,40","-1,15",B续2:cell:d:maybe_missing_separator(144); B续2:cell:d:recheck(L=144|S=144); B续2:cell:d_a2:maybe_missing_separator(144); B续2:cell:d_a2:recheck(L=144|S=144); m_src:header_ocr(p31),A续2+B续2
31,3,22,160,52,156,"135,100","0,35","5,117",160,"0,76","159,49",154,"159,4","153,91","153,40","-1,15",B续2:cell:d:maybe_missing_separator(156); B续2:cell:d:recheck(L=156|S=156); B续2:cell:d_a2:maybe_missing_separator(154); B续2:cell:d_a2:recheck(L=154|S=154); m_src:header_ocr(p31),A续2+B续2
31,3,22,170,55,165,"142,894","0,85","5,694",170,"0,76","169,49",164,"169,4","163,91","163,40","-1,15",B续2:cell:d:maybe_missing_separator(165); B续2:cell:d:recheck(L=165|S=165); B续2:cell:d_a2:maybe_missing_separator(164); B续2:cell:d_a2:recheck(L=164|S=164); m_src:header_ocr(p31),A续2+B续2
31,3,22,180,58,174,"150,688","1,35","6,271",180,"0,76","179,49",174,"179,4","173,91","173,40","-1,15",B续2:cell:d:maybe_missing_separator(174); B续2:cell:d:recheck(L=174|S=174); B续2:cell:d_a2:maybe_missing_separator(174); B续2:cell:d_a2:recheck(L=174|S=174); m_src:header_ocr(p31),A续2+B续2
31,3,22,190,62,186,"161,081","0,35","5,117",190,"0,76","189,49",184,"189,4","183,91","183,40","-1,15","B续2:cell:d:maybe_missing_separator(186); B续2:cell:d:recheck(L=186|S=186); B续2:cell:d_a2:maybe_missing_separator(184); B续2:cell:d_a2:recheck(L=184|S=184); B续2:cell:d_a1:recheck(L=189,4|S=189,4) -> value_from_recheck(1894 -> 189,4); m_src:header_ocr(p31)",A续2+B续2
31,3,22,200,65,195,"168,875","0,85","5,694",200,"0,76","199,49",194,"199,4","193,91","193,40","-1,15",B续2:cell:d:maybe_missing_separator(195); B续2:cell:d:recheck(L=195|S=195); B续2:cell:d_a2:maybe_missing_separator(194); B续2:cell:d_a2:recheck(L=194|S=194); m_src:header_ocr(p31),A续2+B续2
31,3,22,210,68,204,"176,669","1,35","6,271",210,"0,77","209,50",204,"209,4","203,90","203,40","-1,22",B续2:cell:d:maybe_missing_separator(204); B续2:cell:d:recheck(L=204|S=204); B续2:cell:d_a2:maybe_missing_separator(204); B续2:cell:d_a2:recheck(L=204|S=204); m_src:header_ocr(p31),A续2+B续2
31,3,22,210,69,207,"179,267","-0,15","4,539",210,"0,77","209,50",204,"209,4","203,90","203,40","-1,22",B续2:cell:d:maybe_missing_separator(207); B续2:cell:d:recheck(L=207|S=207); B续2:cell:d_a2:maybe_missing_separator(204); B续2:cell:d_a2:recheck(L=204|S=204); B续2:row:d_B_not_increasing; m_src:header_ocr(p31); merged_chk:d_B_not_increasing,A续2+B续2
33,4,24,32,6,24,"20,785","1,8","8,362",32,"0,92","31,27",24,"31,2","23,93","23,20","-1,23",m_src:header_ocr(p33),A续2+B续2
33,4,24,35,7,28,"24,249","1,3","7,784",35,"0,92","34,27",27,"34,2","26,93","26,20","-1,23",m_src:header_ocr(p33),A续2+B续2
33,4,24,37,8,32,"27,713","0,3","6,630",37,"0,92","36,27",29,"36,2","28,93","28,20","-1,23",m_src:header_ocr(p33),A续2+B续2
33,4,24,38,8,32,"27,713","0,8","7,207",38,"0,92","37,27",30,"37,2","29,93","29,20","-1,23",m_src:header_ocr(p33),A续2+B续2
33,4,24,40,8,32,"27,713","1,8","8,362",40,"0,92","39,27",32,"39,2","31,93","31,20","-1,23",m_src:header_ocr(p33),A续2+B续2
33,4,24,42,9,36,"31,177","0,8","7,207",42,"0,92","41,27",34,"41,2","33,93","33,20","-1,23",m_src:header_ocr(p33),A续2+B续2
33,4,24,45,10,40,"34,641","0,3","6,630",45,"0,92","44,27",37,"44,2","36,93","36,20","-1,23",m_src:header_ocr(p33),A续2+B续2
33,4,24,47,10,40,"34,641","1,3","7,784",47,"0,92","46,27",39,"46,2","38,93","38,20","-1,23",m_src:header_ocr(p33),A续2+B续2
33,4,24,48,10,40,"34,641","1,8","8,362",48,"0,92","47,27",40,"47,2","39,93","39,20","-1,23",m_src:header_ocr(p33),A续2+B续2
33,4,24,50,11,44,"38,105","0,8","7,207",50,"0,92","49,27",42,"49,2","41,93","41,20","-1,23",m_src:header_ocr(p33),A续2+B续2
33,4,24,52,11,44,"38,105","1,8","8,362",52,"0,94","51,28",44,"51,2","43,92","43,20","-1,29",m_src:header_ocr(p33),A续2+B续2
33,4,24,55,12,48,"41,569","1,3","7,784",55,"0,94","54,28",47,"54,2","46,92","46,20","-1,29",m_src:header_ocr(p33),A续2+B续2
33,4,24,58,13,52,"45,033","0,8","7,207",58,"0,94","57,28",50,"57,2","49,92","49,20","-1,29",m_src:header_ocr(p33),A续2+B续2
33,4,24,60,13,52,"45,033","1,8","8,362",60,"0,94","59,28",52,"59,2","51,92","51,20","-1,29",m_src:header_ocr(p33); xchk:z:A=13|B=133->13[A:d=m*z 检验通过],A续2+B续2→A续2
33,4,24,60,14,56,"48,497","-0,2","6,052",60,"0,94","59,28",52,"59,2","51,92","51,20","-1,29",B续2:row:d_B_not_increasing; m_src:header_ocr(p33); merged_chk:d_B_not_increasing,A续2+B续2
33,4,24,62,14,56,"48,497","0,8","7,207",62,"0,94","61,28",54,"61,2","53,92","53,20","-1,29",m_src:header_ocr(p33),A续2+B续2
33,4,24,65,15,60,"51,962","0,3","6,630",65,"0,94","64,28",57,"64,2","56,92","56,20","-1,29",m_src:header_ocr(p33),A续2+B续2
33,4,24,68,15,60,"51,962","1,8","8,362",68,"0,94","67,28",60,"67,2","59,92","59,20","-1,29",m_src:header_ocr(p33),A续2+B续2
33,4,24,68,16,64,"55,426","-0,2","6,052",68,"0,94","67,28",60,"67,2","59,92","59,20","-1,29",B续2:row:d_B_not_increasing; m_src:header_ocr(p33); xchk:z:A=16|B=168->16[A:d=m*z 检验通过]; merged_chk:d_B_not_increasing,A续2+B续2→A续2
33,4,24,70,16,64,"55,426","0,8","7,207",70,"0,94","69,28",62,"69,2","61,92","61,20","-1,29",m_src:header_ocr(p33),A续2+B续2
33,4,24,72,16,64,"55,426","1,8","8,362",72,"0,94","71,28",64,"71,2","63,92","63,20","-1,29",m_src:header_ocr(p33),A续2+B续2
33,4,24,75,17,68,"58,890","1,3","7,784",75,"0,94","74,28",67,"74,2","66,92","66,20","-1,29",m_src:header_ocr(p33),A续2+B续2
33,4,24,78,18,72,"62,354","0,8","7,207",78,"0,94","77,28",70,"77,2","69,92","69,20","-1,29",m_src:header_ocr(p33),A续2+B续2
33,4,24,80,18,72,"62,354","1,8","8,362",80,"0,94","79,28",72,"79,2","71,92","71,20","-1,29",m_src:header_ocr(p33),A续2+B续2
33,4,24,82,19,76,"65,818","0,8","7,207",82,"0,94","81,28",74,"81,2","73,92","73,20","-1,29",m_src:header_ocr(p33),A续2+B续2
33,4,24,85,20,80,"69,282","0,3","6,630",85,"0,94","84,28",77,"84,2","76,92","76,20","-1,29",m_src:header_ocr(p33),A续2+B续2
33,4,24,88,20,80,"69,282","1,8","8,362",88,"0,94","87,28",80,"87,2","79,92","79,20","-1,29",m_src:header_ocr(p33),A续2+B续2
33,4,24,90,21,84,"72,746","0,8","7,207",90,"0,94","89,28",82,"89,2","81,92","81,20","-1,29",m_src:header_ocr(p33),A续2+B续2
33,4,24,92,22,88,"76,210","-0,2","6,052",92,"0,94","91,28",84,"91,2","83,92","83,20","-1,29",m_src:header_ocr(p33),A续2+B续2
33,4,24,95,22,88,"76,210","1,3","7,784",95,"0,94","94,28",87,"94,2","86,92","86,20","-1,29",m_src:header_ocr(p33),A续2+B续2
33,4,24,98,23,92,"79,674","0,8","7,207",98,"0,94","97,28",90,"97,2","89,92","89,20","-1,29",m_src:header_ocr(p33),A续2+B续2
33,4,24,100,24,96,"83,138","-0,2","6,052",100,"0,94","99,28",92,"99,2","91,92","91,20","-1,29",m_src:header_ocr(p33),A续2+B续2
33,4,24,105,25,100,"86,603","0,3","6,630",105,"0,96","104,29",97,"104,2","96,91","96,20","-1,35",B续2:cell:d:maybe_missing_separator(100); B续2:cell:d:recheck(L=100|S=100); m_src:header_ocr(p33),A续2+B续2
33,4,24,110,26,104,"90,067","0,8","7,207",110,"0,96","109,29",102,"109,2","101,91","101,20","-1,35","B续2:cell:d:maybe_missing_separator(104); B续2:cell:d:recheck(L=104|S=104); B续2:cell:d_a2:maybe_missing_separator(102); B续2:cell:d_a2:recheck(L=102|S=102); B续2:cell:d_a1:recheck(L=109,2|S=109,2) -> value_from_recheck(1092 -> 109,2); m_src:header_ocr(p33)",A续2+B续2
33,4,24,120,28,112,"96,995","1,8","8,362",120,"0,96","119,29",112,"119,2","111,91","111,20","-1,35","B续2:cell:d:maybe_missing_separator(112); B续2:cell:d:recheck(L=112|S=112); B续2:cell:d_a2:maybe_missing_separator(112); B续2:cell:d_a2:recheck(L=112|S=112); B续2:cell:d_a1:recheck(L=119,2|S=119,2) -> value_from_recheck(1192 -> 119,2); m_src:header_ocr(p33)",A续2+B续2
33,4,24,130,31,124,"107,387","0,8","7,207",130,"0,96","129,29",122,"129,2","121,91","121,20","-1,35","B续2:cell:d:maybe_missing_separator(124); B续2:cell:d:recheck(L=124|S=124); B续2:cell:d_a2:maybe_missing_separator(122); B续2:cell:d_a2:recheck(L=122|S=122); B续2:cell:d_a1:recheck(L=129,2|S=129,2) -> value_from_recheck(1292 -> 129,2); m_src:header_ocr(p33)",A续2+B续2
33,4,24,140,34,136,"117,779","-0,2","6,052",140,"0,96","139,29",132,"139,2","131,91","131,20","-1,35","B续2:cell:d:maybe_missing_separator(136); B续2:cell:d:recheck(L=136|S=136); B续2:cell:d_a2:maybe_missing_separator(132); B续2:cell:d_a2:recheck(L=132|S=132); B续2:cell:d_a1:recheck(L=139,2|S=139,2) -> value_from_recheck(1392 -> 139,2); m_src:header_ocr(p33)",A续2+B续2
33,4,24,150,36,144,"124,708","0,8","7,207",150,"0,96","149,29",142,"149,2","141,91","141,20","-1,35","B续2:cell:d:maybe_missing_separator(144); B续2:cell:d:recheck(L=144|S=144); B续2:cell:d_a2:maybe_missing_separator(142); B续2:cell:d_a2:recheck(L=142|S=142); B续2:cell:d_a1:recheck(L=149,2|S=149,2) -> value_from_recheck(1492 -> 149,2); m_src:header_ocr(p33)",A续2+B续2
33,4,24,160,38,152,"131,636","1,8","8,362",160,"0,96","159,29",152,"159,2","151,91","151,20","-1,35","B续2:cell:d:maybe_missing_separator(152); B续2:cell:d:recheck(L=152|S=152); B续2:cell:d_a2:maybe_missing_separator(152); B续2:cell:d_a2:recheck(L=152|S=152); B续2:cell:d_a1:recheck(L=159,2|S=159,2) -> value_from_recheck(1592 -> 159,2); m_src:header_ocr(p33)",A续2+B续2
33,4,24,170,41,164,"142,028","0,8","7,207",170,"0,96","169,29",162,"169,2","161,91","161,20","-1,35","B续2:cell:d:maybe_missing_separator(164); B续2:cell:d:recheck(L=164|S=164); B续2:cell:d_a2:maybe_missing_separator(162); B续2:cell:d_a2:recheck(L=162|S=162); B续2:cell:d_a1:recheck(L=169,2|S=169,2) -> value_from_recheck(1692 -> 169,2); m_src:header_ocr(p33)",A续2+B续2
33,4,24,180,44,176,"152,420","-0,2","6,052",180,"0,96","179,29",172,"179,2","171,91","171,20","-1,35","B续2:cell:d:maybe_missing_separator(176); B续2:cell:d:recheck(L=176|S=176); B续2:cell:d_a2:maybe_missing_separator(172); B续2:cell:d_a2:recheck(L=172|S=172); B续2:cell:d_a1:recheck(L=179,2|S=179,2) -> value_from_recheck(1792 -> 179,2); m_src:header_ocr(p33)",A续2+B续2
33,4,24,190,46,184,"159,349","0,8","7,207",190,"0,96","189,29",182,"189,2","181,91","181,20","-1,35","B续2:cell:d:maybe_missing_separator(184); B续2:cell:d:recheck(L=184|S=184); B续2:cell:d_a2:maybe_missing_separator(182); B续2:cell:d_a2:recheck(L=182|S=182); B续2:cell:d_a1:recheck(L=189,2|S=189,2) -> value_from_recheck(1892 -> 189,2); m_src:header_ocr(p33)",A续2+B续2
33,4,24,200,48,192,"166,277","1,8","8,362",200,"0,96","199,29",192,"199,2","191,91","191,20","-1,35","B续2:cell:d:maybe_missing_separator(192); B续2:cell:d:recheck(L=192|S=192); B续2:cell:d_a2:maybe_missing_separator(192); B续2:cell:d_a2:recheck(L=192|S=192); B续2:cell:d_a1:recheck(L=1992|S=199,2) -> value_from_recheck(1992 -> 199,2); m_src:header_ocr(p33)",A续2+B续2
33,4,24,210,51,204,"176,669","0,8","7,207",210,"0,97","209,30",202,"209,2","201,90","201,20","-1,42","B续2:cell:d:maybe_missing_separator(204); B续2:cell:d:recheck(L=204|S=204); B续2:cell:d_a2:maybe_missing_separator(202); B续2:cell:d_a2:recheck(L=202|S=202); B续2:cell:d_a1:recheck(L=209,2|S=209,2) -> value_from_recheck(2092 -> 209,2); m_src:header_ocr(p33)",A续2+B续2
37,6,28,48,6,36,"31,177","2,7","12,542",48,"1,34","46,88",36,"46,8","35,92","34,80","-1,69","m_src:header_ocr(p37); xchk:d_Ff1max:A=3592|B=35,92->35,92[B:unresolved_tie_default_B(A=0,B=0)]; unresolved:d_Ff1max:A=3592|B=35,92",A续2+B续2→B续2
37,6,28,50,7,42,"36,373","0,7","10,233",50,"1,34","48,88",38,"48,8","37,92","36,80","-1,69",m_src:header_ocr(p37),A续2+B续2
37,6,28,52,7,42,"36,373","1,7","11,388",52,"1,36","50,89",40,"50,8","39,91","38,80","-1,75",m_src:header_ocr(p37),A续2+B续2
37,6,28,55,8,48,"41,569","0,2","9,656",55,"1,36","53,89",43,"53,8","42,91","41,80","-1,75",m_src:header_ocr(p37),A续2+B续2
37,6,28,58,8,48,"41,569","1,7","11,388",58,"1,36","56,89",46,"56,8","45,91","44,80","-1,75",m_src:header_ocr(p37),A续2+B续2
37,6,28,60,8,48,"41,569","2,7","12,542",60,"1,36","58,89",48,"58,8","47,91","46,80","-1,75",m_src:header_ocr(p37),A续2+B续2
37,6,28,62,9,54,"46,765","0,7","10,233",62,"1,36","60,89",50,"60,8","49,91","48,80","-1,75",m_src:header_ocr(p37),A续2+B续2
37,6,28,65,9,54,"46,765","2,2","11,965",65,"1,36","63,89",53,"63,8","52,91","51,80","-1,75",m_src:header_ocr(p37),A续2+B续2
37,6,28,68,10,60,"51,962","0,7","10,233",68,"1,36","66,89",56,"66,8","55,91","54,80","-1,75",m_src:header_ocr(p37),A续2+B续2
37,6,28,70,10,60,"51,962","1,7","11,388",70,"1,36","68,89",58,"68,8","57,91","56,80","-1,75",m_src:header_ocr(p37),A续2+B续2
37,6,28,72,10,60,"51,962","2,7","12,542",72,"1,36","70,89",60,"70,8","59,91","58,80","-1,75",m_src:header_ocr(p37),A续2+B续2
37,6,28,75,11,66,"57,158","1,2","10,810",75,"1,36","73,89",63,"73,8","62,91","61,80","-1,75",m_src:header_ocr(p37),A续2+B续2
37,6,28,78,11,66,"57,158","2,7","12,542",78,"1,36","76,89",66,"76,8","65,91","64,80","-1,75",m_src:header_ocr(p37),A续2+B续2
37,6,28,78,12,72,"62,354","-0,3","9,078",78,"1,36","76,89",66,"76,8","65,91","64,80","-1,75",B续2:row:d_B_not_increasing; m_src:header_ocr(p37); xchk:z:A=12|B=123->12[A:d=m*z 检验通过]; merged_chk:d_B_not_increasing,A续2+B续2→A续2
37,6,28,80,12,72,"62,354","0,7","10,233",80,"1,36","78,89",68,"78,8","67,91","66,80","-1,75",m_src:header_ocr(p37),A续2+B续2
37,6,28,82,12,72,"62,354","1,7","11,388",82,"1,36","80,89",70,"80,8","69,91","68,80","-1,75",m_src:header_ocr(p37),A续2+B续2
37,6,28,85,13,78,"67,550","0,2","9,656",85,"1,36","83,89",73,"83,8","72,91","71,80","-1,75",m_src:header_ocr(p37),A续2+B续2
37,6,28,88,13,78,"67,550","1,7","11,388",88,"1,36","86,89",76,"86,8","75,91","74,80","-1,75",m_src:header_ocr(p37),A续2+B续2
37,6,28,90,13,78,"67,550","2,7","12,542",90,"1,36","88,89",78,"88,8","77,91","76,80","-1,75",m_src:header_ocr(p37),A续2+B续2
37,6,28,90,14,84,"72,746","-0,3","9,078",90,"1,36","88,89",78,"88,8","77,91","76,80","-1,75",B续2:row:d_B_not_increasing; m_src:header_ocr(p37); xchk:z:A=14|B=1453->14[A:d=m*z 检验通过]; merged_chk:d_B_not_increasing,A续2+B续2→A续2
37,6,28,92,14,84,"72,746","0,7","10,233",92,"1,36","90,89",80,"90,8","79,91","78,80","-1,75",m_src:header_ocr(p37),A续2+B续2
37,6,28,95,14,84,"72,746","2,2","11,965",95,"1,36","93,89",83,"93,8","82,91","81,80","-1,75",m_src:header_ocr(p37),A续2+B续2
37,6,28,98,15,90,"77,942","0,7","10,233",98,"1,36","96,89",86,"96,8","85,91","84,80","-1,75",m_src:header_ocr(p37),A续2+B续2
37,6,28,100,15,90,"77,942","1,7","11,388",100,"1,36","98,89",88,"98,8","87,91","86,80","-1,75",m_src:header_ocr(p37),A续2+B续2
37,6,28,105,16,96,"83,138","1,2","10,810",105,"1,37","103,90",93,"103,8","92,90","91,80","-1,82",m_src:header_ocr(p37),A续2+B续2
37,6,28,110,17,102,"88,335","0,7","10,233",110,"1,37","108,90",98,"108,8","97,90","96,80","-1,82",B续2:cell:d:maybe_missing_separator(102); B续2:cell:d:recheck(L=102|S=102); m_src:header_ocr(p37),A续2+B续2
37,6,28,120,18,108,"93,531","2,7","12,542",120,"1,37","118,90",108,"118,8","107,90","106,80","-1,82",B续2:cell:d:maybe_missing_separator(108); B续2:cell:d:recheck(L=108|S=108); B续2:cell:d_a2:maybe_missing_separator(108); B续2:cell:d_a2:recheck(L=108|S=108); m_src:header_ocr(p37),A续2+B续2
37,6,28,130,20,120,"103,923","1,7","11,388",130,"1,37","128,90",118,"128,8","117,90","116,80","-1,82",B续2:cell:d:maybe_missing_separator(120); B续2:cell:d:recheck(L=120|S=120); B续2:cell:d_a2:maybe_missing_separator(118); B续2:cell:d_a2:recheck(L=118|S=118); m_src:header_ocr(p37),A续2+B续2
37,6,28,140,22,132,"114,315","0,7","10,233",140,"1,37","138,90",128,"138,8","127,90","126,80","-1,82",B续2:cell:d:maybe_missing_separator(132); B续2:cell:d:recheck(L=132|S=132); B续2:cell:d_a2:maybe_missing_separator(128); B续2:cell:d_a2:recheck(L=128|S=128); m_src:header_ocr(p37),A续2+B续2
37,6,28,150,24,144,"124,708","-0,3","9,078",150,"1,37","148,90",138,"148,8","137,90","136,80","-1,82",B续2:cell:d:maybe_missing_separator(144); B续2:cell:d:recheck(L=144|S=144); B续2:cell:d_a2:maybe_missing_separator(138); B续2:cell:d_a2:recheck(L=138|S=138); m_src:header_ocr(p37),A续2+B续2
37,6,28,160,25,150,"129,904","1,7","11,388",160,"1,37","158,90",148,"158,8","147,90","146,80","-1,82",B续2:cell:d:maybe_missing_separator(150); B续2:cell:d:recheck(L=150|S=150); B续2:cell:d_a2:maybe_missing_separator(148); B续2:cell:d_a2:recheck(L=148|S=148); m_src:header_ocr(p37),A续2+B续2
37,6,28,170,27,162,"140,296","0,7","10,233",170,"1,37","168,90",158,"168,8","157,90","156,80","-1,82",B续2:cell:d:maybe_missing_separator(162); B续2:cell:d:recheck(L=162|S=162); B续2:cell:d_a2:maybe_missing_separator(158); B续2:cell:d_a2:recheck(L=158|S=158); m_src:header_ocr(p37),A续2+B续2
37,6,28,180,28,168,"145,492","2,7","12,542",180,"1,37","178,90",168,"178,8","167,90","166,80","-1,82",B续2:cell:d:maybe_missing_separator(168); B续2:cell:d:recheck(L=168|S=168); B续2:cell:d_a2:maybe_missing_separator(168); B续2:cell:d_a2:recheck(L=168|S=168); m_src:header_ocr(p37),A续2+B续2
37,6,28,190,30,180,"155,885","1,7","11,388",190,"1,37","188,90",178,"188,8","177,90","176,80","-1,82",B续2:cell:d:maybe_missing_separator(180); B续2:cell:d:recheck(L=180|S=180); B续2:cell:d_a2:maybe_missing_separator(178); B续2:cell:d_a2:recheck(L=178|S=178); m_src:header_ocr(p37),A续2+B续2
37,6,28,200,32,192,"166,277","0,7","10,233",200,"1,37","198,90",188,"198,8","187,90","186,80","-1,82",B续2:cell:d:maybe_missing_separator(192); B续2:cell:d:recheck(L=192|S=192); B续2:cell:d_a2:maybe_missing_separator(188); B续2:cell:d_a2:recheck(L=188|S=188); m_src:header_ocr(p37),A续2+B续2
37,6,28,210,34,204,"176,669","-0,3","9,078",210,"1,39","208,91",198,"208,8","197,89","196,80","-1,90",B续2:cell:d:maybe_missing_separator(204); B续2:cell:d:recheck(L=204|S=204); B续2:cell:d_a2:maybe_missing_separator(198); B续2:cell:d_a2:recheck(L=198|S=108); m_src:header_ocr(p37),A续2+B续2
37,6,28,220,35,210,"181,865","1,7","11,388",220,"1,39","218,91",208,"218,8","207,89","206,80","-1,90",B续2:cell:d:maybe_missing_separator(210); B续2:cell:d:recheck(L=210|S=210); B续2:cell:d_a2:maybe_missing_separator(208); B续2:cell:d_a2:recheck(L=208|S=208); m_src:header_ocr(p37),A续2+B续2
37,6,28,240,38,228,"197,454","2,7","12,542",240,"1,39","238,91",228,"238,8","227,89","226,80","-1,90",B续2:cell:d:maybe_missing_separator(228); B续2:cell:d:recheck(L=228|S=2728); B续2:cell:d_a2:maybe_missing_separator(228); B续2:cell:d_a2:recheck(L=228|S=2728); m_src:header_ocr(p37),A续2+B续2
37,6,28,250,40,240,"207,846","1,7","11,388",250,"1,39","248,91",238,"248,8","237,89","236,80","-1,90",B续2:cell:d:maybe_missing_separator(240); B续2:cell:d:recheck(L=240|S=240); B续2:cell:d_a2:maybe_missing_separator(238); B续2:cell:d_a2:recheck(L=238|S=738); m_src:header_ocr(p37),A续2+B续2
37,6,28,260,42,252,"218,238","0,7","10,233",260,"1,39","258,91",248,"258,8","247,89","246,80","-1,90",B续2:cell:d:maybe_missing_separator(252); B续2:cell:d:recheck(L=252|S=259); B续2:cell:d_a2:maybe_missing_separator(248); B续2:cell:d_a2:recheck(L=248|S=248); m_src:header_ocr(p37),A续2+B续2
37,6,28,280,45,270,"233,827","1,7","11,388",280,"1,39","278,91",268,"278,8","267,89","266,80","-1,90",B续2:cell:d:maybe_missing_separator(270); B续2:cell:d:recheck(L=270|S=270); B续2:cell:d_a2:maybe_missing_separator(268); B续2:cell:d_a2:recheck(L=268|S=268); m_src:header_ocr(p37),A续2+B续2
37,6,28,300,48,288,"249,415","2,7","12,542",300,"1,39","298,91",288,"298,8","287,89","286,80","-1,90",B续2:cell:d:maybe_missing_separator(288); B续2:cell:d:recheck(L=288|S=788); B续2:cell:d_a2:maybe_missing_separator(288); B续2:cell:d_a2:recheck(L=288|S=288); m_src:header_ocr(p37),A续2+B续2
37,6,28,320,52,312,"270,200","0,7","10,233",320,"1,39","318,91",308,"318,8","307,89","306,80","-1,90",B续2:cell:d:maybe_missing_separator(312); B续2:cell:d:recheck(L=312|S=312); B续2:cell:d_a2:maybe_missing_separator(308); B续2:cell:d_a2:recheck(L=308|S=308); m_src:header_ocr(p37),A续2+B续2
37,6,28,340,55,330,"285,788","1,7","11,388",340,"1,39","338,91",328,"338,8","327,89","326,80","-1,90",B续2:cell:d:maybe_missing_separator(330); B续2:cell:d:recheck(L=330|S=330); B续2:cell:d_a2:maybe_missing_separator(328); B续2:cell:d_a2:recheck(L=328|S=328); m_src:header_ocr(p37),A续2+B续2
37,6,28,360,58,348,"301,377","2,7","12,542",360,"1,39","358,91",348,"358,8","347,89","346,80","-1,90",B续2:cell:d:maybe_missing_separator(348); B续2:cell:d:recheck(L=348|S=348); B续2:cell:d_a2:maybe_missing_separator(348); B续2:cell:d_a2:recheck(L=348|S=348); m_src:header_ocr(p37),A续2+B续2
37,6,28,380,62,372,"322,161","0,7","10,233",380,"1,39","378,91",368,"378,8","367,89","366,80","-1,90",B续2:cell:d:maybe_missing_separator(372); B续2:cell:d:recheck(L=372|S=372); B续2:cell:d_a2:maybe_missing_separator(368); B续2:cell:d_a2:recheck(L=368|S=368); m_src:header_ocr(p37),A续2+B续2
37,6,28,400,65,390,"337,750","1,7","11,388",400,"1,39","398,91",388,"398,8","387,89","386,80","-1,90",B续2:cell:d:maybe_missing_separator(390); B续2:cell:d:recheck(L=390|S=390); B续2:cell:d_a2:maybe_missing_separator(388); B续2:cell:d_a2:recheck(L=388|S=388); m_src:header_ocr(p37),A续2+B续2
37,6,28,420,68,408,"353,338","2,7","12,542",420,"1,42","418,93",408,"418,8","407,87","406,80","-1,98",B续2:cell:d:maybe_missing_separator(408); B续2:cell:d:recheck(L=408|S=408); B续2:cell:d_a2:maybe_missing_separator(408); B续2:cell:d_a2:recheck(L=408|S=408); m_src:header_ocr(p37),A续2+B续2
37,6,28,440,72,432,"374,123","0,7","10,233",440,"1,42","438,93",428,"438,8","427,87","426,80","-1,98",B续2:cell:d:maybe_missing_separator(432); B续2:cell:d:recheck(L=432|S=432); B续2:cell:d_a2:maybe_missing_separator(428); B续2:cell:d_a2:recheck(L=428|S=428); m_src:header_ocr(p37),A续2+B续2
37,6,28,450,74,444,"384,515","-0,3","9,078",450,"1,42","448,93",438,"448,8","437,87","436,80","-1,98",B续2:cell:d:maybe_missing_separator(444); B续2:cell:d:recheck(L=444|S=444); B续2:cell:d_a2:maybe_missing_separator(438); B续2:cell:d_a2:recheck(L=438|S=438); m_src:header_ocr(p37),A续2+B续2
37,6,28,460,75,450,"389,711","1,7","11,388",460,"1,42","458,93",448,"458,8","447,87","446,80","-1,98",B续2:cell:d:maybe_missing_separator(450); B续2:cell:d:recheck(L=450|S=450); B续2:cell:d_a2:maybe_missing_separator(448); B续2:cell:d_a2:recheck(L=448|S=448); m_src:header_ocr(p37),A续2+B续2
37,6,28,480,78,468,"405,300","2,7","12,542",480,"1,42","478,93",468,"478,8","467,87","466,80","-1,98",B续2:cell:d:maybe_missing_separator(468); B续2:cell:d:recheck(L=468|S=468); B续2:cell:d_a2:maybe_missing_separator(468); B续2:cell:d_a2:recheck(L=468|S=468); m_src:header_ocr(p37),A续2+B续2
37,6,28,500,82,492,"426,084","0,7","10,233",500,"1,42","498,93",488,"498,8","487,87","486,80","-1,98",B续2:cell:d:maybe_missing_separator(492); B续2:cell:d:recheck(L=492|S=492); B续2:cell:d_a2:maybe_missing_separator(488); B续2:cell:d_a2:recheck(L=488|S=488); m_src:header_ocr(p37),A续2+B续2
39,8,30,60,6,48,"41,569","1,6","14,414",60,"1,76","58,49",44,"58,4","43,91","42,40","-2,15",m_src:header_ocr(p39),A续2+B续2
39,8,30,65,7,56,"48,497","0,1","12,682",65,"1,76","63,49",49,"63,4","48,91","47,40","-2,15",m_src:header_ocr(p39),A续2+B续2
39,8,30,70,7,56,"48,497","2,6","15,569",70,"1,76","68,49",54,"68,4","53,91","52,40","-2,15",m_src:header_ocr(p39),A续2+B续2
39,8,30,75,8,64,"55,426","1,1","13,837",75,"1,76","73,49",59,"73,4","58,91","57,40","-2,15",m_src:header_ocr(p39),A续2+B续2
39,8,30,80,8,64,"55,426","3,6","16,723",80,"1,76","78,49",64,"78,4","63,91","62,40","-2,15",m_src:header_ocr(p39),A续2+B续2
39,8,30,85,9,72,"62,354","2,1","14,991",85,"1,76","83,49",69,"83,4","68,91","67,40","-2,15",m_src:header_ocr(p39),A续2+B续2
39,8,30,90,10,80,"69,282","0,6","13,259",90,"1,76","88,49",74,"88,4","73,91","72,40","-2,15",m_src:header_ocr(p39),A续2+B续2
39,8,30,95,10,80,"69,282","3,1","16,146",95,"1,76","93,49",79,"93,4","78,91","77,40","-2,15",m_src:header_ocr(p39),A续2+B续2
39,8,30,100,11,88,"76,210","1,6","14,414",100,"1,76","98,49",84,"98,4","83,91","82,40","-2,15",m_src:header_ocr(p39),A续2+B续2
39,8,30,105,12,96,"83,138","0,1","12,682",105,"1,77","103,50",89,"103,4","88,90","87,40","-2,22",m_src:header_ocr(p39),A续2+B续2
39,8,30,110,12,96,"83,138","2,6","15,569",110,"1,77","108,50",94,"108,4","93,90","92,40","-2,22",m_src:header_ocr(p39),A续2+B续2
39,8,30,120,13,104,"90,067","3,6","16,723",120,"1,77","118,50",104,"118,4","103,90","102,40","-2,22",B续2:cell:d:maybe_missing_separator(104); B续2:cell:d:recheck(L=104|S=104); B续2:cell:d_a2:maybe_missing_separator(104); B续2:cell:d_a2:recheck(L=104|S=104); m_src:header_ocr(p39),A续2+B续2
39,8,30,120,14,112,"96,995","-0,4","12,104",120,"1,77","118,50",104,"118,4","103,90","102,40","-2,22",B续2:cell:z:multiword(14|3); B续2:cell:z:recheck(L=1451|S=142); B续2:cell:d:maybe_missing_separator(112); B续2:cell:d:recheck(L=112|S=112); B续2:cell:d_a2:maybe_missing_separator(104); B续2:cell:d_a2:recheck(L=104|S=104); B续2:row:d_B_not_increasing; m_src:header_ocr(p39); xchk:z:A=14|B=143->14[A:d=m*z 检验通过]; merged_chk:d_B_not_increasing,A续2+B续2→A续2
39,8,30,130,15,120,"103,923","0,6","13,259",130,"1,77","128,50",114,"128,4","113,90","112,40","-2,22",B续2:cell:d:maybe_missing_separator(120); B续2:cell:d:recheck(L=120|S=120); B续2:cell:d_a2:maybe_missing_separator(114); B续2:cell:d_a2:recheck(L=114|S=114); m_src:header_ocr(p39),A续2+B续2
39,8,30,140,16,128,"110,851","1,6","14,414",140,"1,77","138,50",124,"138,4","123,90","122,40","-2,22",B续2:cell:d:maybe_missing_separator(128); B续2:cell:d:recheck(L=128|S=128); B续2:cell:d_a2:maybe_missing_separator(124); B续2:cell:d_a2:recheck(L=124|S=124); m_src:header_ocr(p39),A续2+B续2
39,8,30,150,17,136,"117,779","2,6","15,569",150,"1,77","148,50",134,"148,4","133,90","132,40","-2,22",B续2:cell:d:maybe_missing_separator(136); B续2:cell:d:recheck(L=136|S=136); B续2:cell:d_a2:maybe_missing_separator(134); B续2:cell:d_a2:recheck(L=134|S=134); m_src:header_ocr(p39),A续2+B续2
39,8,30,160,18,144,"124,708","3,6","16,723",160,"1,77","158,50",144,"158,4","143,90","142,40","-2,22",B续2:cell:d:maybe_missing_separator(144); B续2:cell:d:recheck(L=144|S=144); B续2:cell:d_a2:maybe_missing_separator(144); B续2:cell:d_a2:recheck(L=144|S=144); m_src:header_ocr(p39),A续2+B续2
39,8,30,170,20,160,"138,564","0,6","13,259",170,"1,77","168,50",154,"168,4","153,90","152,40","-2,22",B续2:cell:d:maybe_missing_separator(160); B续2:cell:d:recheck(L=160|S=160); B续2:cell:d_a2:maybe_missing_separator(154); B续2:cell:d_a2:recheck(L=154|S=154); m_src:header_ocr(p39),A续2+B续2
39,8,30,180,21,168,"145,492","1,6","14,414",180,"1,77","178,50",164,"178,4","163,90","162,40","-2,22","B续2:cell:d:maybe_missing_separator(168); B续2:cell:d:recheck(L=168|S=168); B续2:cell:d_a2:maybe_missing_separator(164); B续2:cell:d_a2:recheck(L=164|S=164); B续2:cell:d_a1:recheck(L=178,4|S=178,4) -> value_from_recheck(1784 -> 178,4); m_src:header_ocr(p39)",A续2+B续2
39,8,30,190,22,176,"152,420","2,6","15,569",190,"1,77","188,50",174,"188,4","173,90","172,40","-2,22",B续2:cell:d:maybe_missing_separator(176); B续2:cell:d:recheck(L=176|S=176); B续2:cell:d_a2:maybe_missing_separator(174); B续2:cell:d_a2:recheck(L=174|S=174); m_src:header_ocr(p39),A续2+B续2
39,8,30,200,24,192,"166,277","-0,4","12,104",200,"1,77","198,50",184,"198,4","183,90","182,40","-2,22",B续2:cell:d:maybe_missing_separator(192); B续2:cell:d:recheck(L=192|S=192); B续2:cell:d_a2:maybe_missing_separator(184); B续2:cell:d_a2:recheck(L=184|S=184); m_src:header_ocr(p39),A续2+B续2
39,8,30,210,25,200,"173,205","0,6","13,259",210,"1,79","208,51",194,"208,4","193,89","192,40","-2,30",B续2:cell:d:maybe_missing_separator(200); B续2:cell:d:recheck(L=200|S=200); B续2:cell:d_a2:maybe_missing_separator(194); B续2:cell:d_a2:recheck(L=194|S=194); m_src:header_ocr(p39),A续2+B续2
39,8,30,220,26,208,"180,133","1,6","14,414",220,"1,79","218,51",204,"218,4","203,89","202,40","-2,30",B续2:cell:d:maybe_missing_separator(208); B续2:cell:d:recheck(L=208|S=208); B续2:cell:d_a2:maybe_missing_separator(204); B续2:cell:d_a2:recheck(L=204|S=204); m_src:header_ocr(p39),A续2+B续2
39,8,30,240,28,224,"193,990","3,6","16,723",240,"1,79","238,51",224,"238,4","223,89","222,40","-2,30",B续2:cell:d:maybe_missing_separator(224); B续2:cell:d:recheck(L=224|S=224); B续2:cell:d_a2:maybe_missing_separator(224); B续2:cell:d_a2:recheck(L=224|S=224); m_src:header_ocr(p39),A续2+B续2
39,8,30,250,30,240,"207,846","0,6","13,259",250,"1,79","248,51",234,"248,4","233,89","232,40","-2,30",B续2:cell:d:maybe_missing_separator(240); B续2:cell:d:recheck(L=240|S=240); B续2:cell:d_a2:maybe_missing_separator(234); B续2:cell:d_a2:recheck(L=234|S=234); m_src:header_ocr(p39),A续2+B续2
39,8,30,260,31,248,"214,774","1,6","14,414",260,"1,79","258,51",244,"258,4","243,89","242,40","-2,30",B续2:cell:d:maybe_missing_separator(248); B续2:cell:d:recheck(L=248|S=248); B续2:cell:d_a2:maybe_missing_separator(244); B续2:cell:d_a2:recheck(L=244|S=244); m_src:header_ocr(p39),A续2+B续2
39,8,30,280,34,272,"235,559","-0,4","12,104",280,"1,79","278,51",264,"278,4","263,89","262,40","-2,30",B续2:cell:d:maybe_missing_separator(272); B续2:cell:d:recheck(L=272|S=272); B续2:cell:d_a2:maybe_missing_separator(264); B续2:cell:d_a2:recheck(L=264|S=264); m_src:header_ocr(p39),A续2+B续2
39,8,30,300,36,288,"249,415","1,6","14,414",300,"1,79","298,51",284,"298,4","283,89","282,40","-2,30",B续2:cell:d:maybe_missing_separator(288); B续2:cell:d:recheck(L=288|S=288); B续2:cell:d_a2:maybe_missing_separator(284); B续2:cell:d_a2:recheck(L=284|S=284); m_src:header_ocr(p39),A续2+B续2
39,8,30,320,38,304,"263,272","3,6","16,723",320,"1,79","318,51",304,"318,4","303,89","302,40","-2,30",B续2:cell:d:maybe_missing_separator(304); B续2:cell:d:recheck(L=304|S=304); B续2:cell:d_a2:maybe_missing_separator(304); B续2:cell:d_a2:recheck(L=304|S=304); m_src:header_ocr(p39),A续2+B续2
39,8,30,340,41,328,"284,056","1,6","14,414",340,"1,79","338,51",324,"338,4","323,89","322,40","-2,30",B续2:cell:d:maybe_missing_separator(328); B续2:cell:d:recheck(L=328|S=328); B续2:cell:d_a2:maybe_missing_separator(324); B续2:cell:d_a2:recheck(L=324|S=324); m_src:header_ocr(p39),A续2+B续2
39,8,30,360,44,352,"304,841","-0,4","12,104",360,"1,79","358,51",344,"358,4","343,89","342,40","-2,30",B续2:cell:d:maybe_missing_separator(352); B续2:cell:d:recheck(L=352|S=352); B续2:cell:d_a2:maybe_missing_separator(344); B续2:cell:d_a2:recheck(L=344|S=344); m_src:header_ocr(p39),A续2+B续2
39,8,30,380,46,368,"318,697","1,6","14,414",380,"1,79","378,51",364,"378,4","363,89","362,40","-2,30",B续2:cell:d:maybe_missing_separator(368); B续2:cell:d:recheck(L=368|S=368); B续2:cell:d_a2:maybe_missing_separator(364); B续2:cell:d_a2:recheck(L=364|S=364); m_src:header_ocr(p39),A续2+B续2
39,8,30,400,48,384,"332,554","3,6","16,723",400,"1,79","398,51",384,"398,4","383,89","382,40","-2,30",B续2:cell:d:maybe_missing_separator(384); B续2:cell:d:recheck(L=384|S=384); B续2:cell:d_a2:maybe_missing_separator(384); B续2:cell:d_a2:recheck(L=384|S=384); m_src:header_ocr(p39),A续2+B续2
39,8,30,420,51,408,"353,338","1,6","14,414",420,"1,82","418,53",404,"418,4","403,87","402,40","-2,38",B续2:cell:d:maybe_missing_separator(408); B续2:cell:d:recheck(L=408|S=408); B续2:cell:d_a2:maybe_missing_separator(404); B续2:cell:d_a2:recheck(L=404|S=404); m_src:header_ocr(p39),A续2+B续2
39,8,30,440,54,432,"374,123","-0,4","12,104",440,"1,82","438,53",424,"438,4","423,87","422,40","-2,38",B续2:cell:d:maybe_missing_separator(432); B续2:cell:d:recheck(L=432|S=432); B续2:cell:d_a2:maybe_missing_separator(424); B续2:cell:d_a2:recheck(L=424|S=424); m_src:header_ocr(p39),A续2+B续2
39,8,30,450,55,440,"381,051","0,6","13,259",450,"1,82","448,53",434,"448,4","433,87","432,40","-2,38",B续2:cell:d:maybe_missing_separator(440); B续2:cell:d:recheck(L=440|S=440); B续2:cell:d_a2:maybe_missing_separator(434); B续2:cell:d_a2:recheck(L=434|S=434); m_src:header_ocr(p39),A续2+B续2
39,8,30,460,56,448,"387,979","1,6","14,414",460,"1,82","458,53",444,"458,4","443,87","442,40","-2,38",B续2:cell:d:maybe_missing_separator(448); B续2:cell:d:recheck(L=448|S=448); B续2:cell:d_a2:maybe_missing_separator(444); B续2:cell:d_a2:recheck(L=444|S=444); m_src:header_ocr(p39),A续2+B续2
39,8,30,480,58,464,"401,836","3,6","16,723",480,"1,82","478,53",464,"478,4","463,87","462,40","-2,38",B续2:cell:d:maybe_missing_separator(464); B续2:cell:d:recheck(L=464|S=464); B续2:cell:d_a2:maybe_missing_separator(464); B续2:cell:d_a2:recheck(L=464|S=464); m_src:header_ocr(p39),A续2+B续2
39,8,30,500,61,488,"422,620","1,6","14,414",500,"1,82","498,53",484,"498,4","483,87","482,40","-2,38",B续2:cell:d:maybe_missing_separator(488); B续2:cell:d:recheck(L=488|S=488); B续2:cell:d_a2:maybe_missing_separator(484); B续2:cell:d_a2:recheck(L=484|S=484); m_src:header_ocr(p39),A续2+B续2
41,10,32,80,6,60,"51,962","4,5","20,904",80,"2,16","78,09",60,78,"59,91","58,00","-2,55",m_src:header_ocr(p41),A续2+B续2
41,10,32,85,7,70,"60,622",2,"18,017",85,"2,16","83,09",65,83,"64,91","63,00","-2,55",m_src:header_ocr(p41),A续2+B续2
41,10,32,90,7,70,"60,622","4,5","20,904",90,"2,16","88,09",70,88,"69,91","68,00","-2,55",m_src:header_ocr(p41),A续2+B续2
41,10,32,95,8,80,"69,282",2,"18,017",95,"2,16","93,09",75,93,"74,91","73,00","-2,55",m_src:header_ocr(p41),A续2+B续2
41,10,32,100,8,80,"69,282","4,5","20,904",100,"2,16","98,09",80,98,"79,91","78,00","-2,55",m_src:header_ocr(p41),A续2+B续2
41,10,32,105,9,90,"77,942",2,"18,017",105,"2,17","103,10",85,103,"84,90","83,00","-2,62",B续2:cell:d_a1:maybe_missing_separator(103); B续2:cell:d_a1:recheck(L=103|S=103); m_src:header_ocr(p41),A续2+B续2
41,10,32,110,9,90,"77,942","4,5","20,904",110,"2,17","108,10",90,108,"89,90","88,00","-2,62",B续2:cell:d_a1:maybe_missing_separator(108); B续2:cell:d_a1:recheck(L=108|S=108); m_src:header_ocr(p41),A续2+B续2
41,10,32,120,10,100,"86,603","4,5","20,904",120,"2,17","118,10",100,118,"99,90","98,00","-2,62",B续2:cell:d:maybe_missing_separator(100); B续2:cell:d:recheck(L=100|S=100); B续2:cell:d_a2:maybe_missing_separator(100); B续2:cell:d_a2:recheck(L=100|S=100); B续2:cell:d_a1:maybe_missing_separator(118); B续2:cell:d_a1:recheck(L=118|S=118); m_src:header_ocr(p41),A续2+B续2
41,10,32,130,11,110,"95,263","4,5","20,904",130,"2,17","128,10",110,128,"109,90","108,00","-2,62",B续2:cell:d:maybe_missing_separator(110); B续2:cell:d:recheck(L=110|S=110); B续2:cell:d_a2:maybe_missing_separator(110); B续2:cell:d_a2:recheck(L=110|S=110); B续2:cell:d_a1:maybe_missing_separator(128); B续2:cell:d_a1:recheck(L=128|S=128); m_src:header_ocr(p41),A续2+B续2
41,10,32,130,12,120,"103,923","-0,5","15,131",130,"2,17","128,10",110,128,"109,90","108,00","-2,62",B续2:cell:d:maybe_missing_separator(120); B续2:cell:d:recheck(L=120|S=120); B续2:cell:d_a2:maybe_missing_separator(110); B续2:cell:d_a2:recheck(L=110|S=110); B续2:cell:d_a1:maybe_missing_separator(128); B续2:cell:d_a1:recheck(L=128|S=128); B续2:row:d_B_not_increasing; m_src:header_ocr(p41); xchk:z:A=12|B=123->12[A:d=m*z 检验通过]; merged_chk:d_B_not_increasing,A续2+B续2→A续2
41,10,32,140,12,120,"103,923","4,5","20,904",140,"2,17","138,10",120,138,"119,90","118,00","-2,62",B续2:cell:d:maybe_missing_separator(120); B续2:cell:d:recheck(L=120|S=120); B续2:cell:d_a2:maybe_missing_separator(120); B续2:cell:d_a2:recheck(L=120|S=120); B续2:cell:d_a1:maybe_missing_separator(138); B续2:cell:d_a1:recheck(L=138|S=138); m_src:header_ocr(p41),A续2+B续2
41,10,32,150,13,130,"112,583","4,5","20,904",150,"2,17","148,10",130,148,"129,90","128,00","-2,62",B续2:cell:d:maybe_missing_separator(130); B续2:cell:d:recheck(L=130|S=130); B续2:cell:d_a2:maybe_missing_separator(130); B续2:cell:d_a2:recheck(L=130|S=130); B续2:cell:d_a1:maybe_missing_separator(148); B续2:cell:d_a1:recheck(L=148|S=148); m_src:header_ocr(p41),A续2+B续2
41,10,32,150,14,140,"121,244","-0,5","15,131",150,"2,17","148,10",130,148,"129,90","128,00","-2,62",B续2:cell:d:maybe_missing_separator(140); B续2:cell:d:recheck(L=140|S=140); B续2:cell:d_a2:maybe_missing_separator(130); B续2:cell:d_a2:recheck(L=130|S=130); B续2:cell:d_a1:maybe_missing_separator(148); B续2:cell:d_a1:recheck(L=148|S=148); B续2:row:d_B_not_increasing; m_src:header_ocr(p41); xchk:z:A=14|B=143->14[A:d=m*z 检验通过]; merged_chk:d_B_not_increasing,A续2+B续2→A续2
41,10,32,160,14,140,"121,244","4,5","20,904",160,"2,17","158,10",140,158,"139,90","138,00","-2,62",B续2:cell:d:maybe_missing_separator(140); B续2:cell:d:recheck(L=140|S=140); B续2:cell:d_a2:maybe_missing_separator(140); B续2:cell:d_a2:recheck(L=140|S=140); B续2:cell:d_a1:maybe_missing_separator(158); B续2:cell:d_a1:recheck(L=158|S=158); m_src:header_ocr(p41),A续2+B续2
41,10,32,170,15,150,"129,904","4,5","20,904",170,"2,17","168,10",150,168,"149,90","148,00","-2,62",B续2:cell:d:maybe_missing_separator(150); B续2:cell:d:recheck(L=150|S=150); B续2:cell:d_a2:maybe_missing_separator(150); B续2:cell:d_a2:recheck(L=150|S=150); B续2:cell:d_a1:maybe_missing_separator(168); B续2:cell:d_a1:recheck(L=168|S=168); m_src:header_ocr(p41),A续2+B续2
41,10,32,170,16,160,"138,564","-0,5","15,131",170,"2,17","168,10",150,168,"149,90","148,00","-2,62",B续2:cell:d:maybe_missing_separator(160); B续2:cell:d:recheck(L=160|S=160); B续2:cell:d_a2:maybe_missing_separator(150); B续2:cell:d_a2:recheck(L=150|S=150); B续2:cell:d_a1:maybe_missing_separator(168); B续2:cell:d_a1:recheck(L=168|S=168); B续2:row:d_B_not_increasing; m_src:header_ocr(p41); xchk:z:A=16|B=1661->16[A:d=m*z 检验通过]; merged_chk:d_B_not_increasing,A续2+B续2→A续2
41,10,32,180,16,160,"138,564","4,5","20,904",180,"2,17","178,10",160,178,"159,90","158,00","-2,62",B续2:cell:d:maybe_missing_separator(160); B续2:cell:d:recheck(L=160|S=160); B续2:cell:d_a2:maybe_missing_separator(160); B续2:cell:d_a2:recheck(L=160|S=160); B续2:cell:d_a1:maybe_missing_separator(178); B续2:cell:d_a1:recheck(L=178|S=178); m_src:header_ocr(p41),A续2+B续2
41,10,32,190,17,170,"147,224","4,5","20,904",190,"2,17","188,10",170,188,"169,90","168,00","-2,62",B续2:cell:d:maybe_missing_separator(170); B续2:cell:d:recheck(L=170|S=170); B续2:cell:d_a2:maybe_missing_separator(170); B续2:cell:d_a2:recheck(L=170|S=170); B续2:cell:d_a1:maybe_missing_separator(188); B续2:cell:d_a1:recheck(L=188|S=188); m_src:header_ocr(p41),A续2+B续2
41,10,32,190,18,180,"155,885","-0,5","15,131",190,"2,17","188,10",170,188,"169,90","168,00","-2,62",B续2:cell:d:maybe_missing_separator(180); B续2:cell:d:recheck(L=180|S=180); B续2:cell:d_a2:maybe_missing_separator(170); B续2:cell:d_a2:recheck(L=170|S=170); B续2:cell:d_a1:maybe_missing_separator(188); B续2:cell:d_a1:recheck(L=188|S=188); B续2:row:d_B_not_increasing; m_src:header_ocr(p41); xchk:z:A=18|B=1861->18[A:d=m*z 检验通过]; merged_chk:d_B_not_increasing,A续2+B续2→A续2
41,10,32,200,18,180,"155,885","4,5","20,904",200,"2,17","198,10",180,198,"179,90","178,00","-2,62",B续2:cell:d:maybe_missing_separator(180); B续2:cell:d:recheck(L=180|S=180); B续2:cell:d_a2:maybe_missing_separator(180); B续2:cell:d_a2:recheck(L=180|S=180); B续2:cell:d_a1:maybe_missing_separator(198); B续2:cell:d_a1:recheck(L=198|S=198); m_src:header_ocr(p41),A续2+B续2
41,10,32,210,20,200,"173,205","-0,5","15,131",210,"2,19","208,11",190,208,"189,89","188,00","-2,70",B续2:cell:d:maybe_missing_separator(200); B续2:cell:d:recheck(L=200|S=200); B续2:cell:d_a2:maybe_missing_separator(190); B续2:cell:d_a2:recheck(L=190|S=190); B续2:cell:d_a1:maybe_missing_separator(208); B续2:cell:d_a1:recheck(L=208|S=208); m_src:header_ocr(p41); xchk:z:A=20|B=203->20[A:d=m*z 检验通过],A续2+B续2→A续2
41,10,32,220,20,200,"173,205","4,5","20,904",220,"2,19","218,11",200,218,"199,89","198,00","-2,70",B续2:cell:d:maybe_missing_separator(200); B续2:cell:d:recheck(L=200|S=200); B续2:cell:d_a2:maybe_missing_separator(200); B续2:cell:d_a2:recheck(L=200|S=200); B续2:cell:d_a1:maybe_missing_separator(218); B续2:cell:d_a1:recheck(L=218|S=218); m_src:header_ocr(p41),A续2+B续2
41,10,32,240,22,220,"190,526","4,5","20,904",240,"2,19","238,11",220,238,"219,89","218,00","-2,70",B续2:cell:d:maybe_missing_separator(220); B续2:cell:d:recheck(L=220|S=220); B续2:cell:d_a2:maybe_missing_separator(220); B续2:cell:d_a2:recheck(L=220|S=220); B续2:cell:d_a1:maybe_missing_separator(238); B续2:cell:d_a1:recheck(L=238|S=238); m_src:header_ocr(p41),A续2+B续2
41,10,32,250,24,240,"207,846","-0,5","15,131",250,"2,19","248,11",230,248,"229,89","228,00","-2,70",B续2:cell:d:maybe_missing_separator(240); B续2:cell:d:recheck(L=240|S=240); B续2:cell:d_a2:maybe_missing_separator(230); B续2:cell:d_a2:recheck(L=230|S=230); B续2:cell:d_a1:maybe_missing_separator(248); B续2:cell:d_a1:recheck(L=248|S=248); m_src:header_ocr(p41),A续2+B续2
41,10,32,260,24,240,"207,846","4,5","20,904",260,"2,19","258,11",240,258,"239,89","238,00","-2,70",B续2:cell:d:maybe_missing_separator(240); B续2:cell:d:recheck(L=240|S=240); B续2:cell:d_a2:maybe_missing_separator(240); B续2:cell:d_a2:recheck(L=240|S=240); B续2:cell:d_a1:maybe_missing_separator(258); B续2:cell:d_a1:recheck(L=258|S=258); m_src:header_ocr(p41),A续2+B续2
41,10,32,280,26,260,"225,167","4,5","20,904",280,"2,19","278,11",260,278,"259,89","258,00","-2,70",B续2:cell:d:maybe_missing_separator(260); B续2:cell:d:recheck(L=260|S=260); B续2:cell:d_a2:maybe_missing_separator(260); B续2:cell:d_a2:recheck(L=260|S=260); B续2:cell:d_a1:maybe_missing_separator(278); B续2:cell:d_a1:recheck(L=278|S=278); m_src:header_ocr(p41),A续2+B续2
41,10,32,300,28,280,"242,487","4,5","20,904",300,"2,19","298,11",280,298,"279,89","278,00","-2,70",B续2:cell:d:maybe_missing_separator(280); B续2:cell:d:recheck(L=280|S=280); B续2:cell:d_a2:maybe_missing_separator(280); B续2:cell:d_a2:recheck(L=280|S=280); B续2:cell:d_a1:maybe_missing_separator(298); B续2:cell:d_a1:recheck(L=298|S=298); m_src:header_ocr(p41),A续2+B续2
41,10,32,320,30,300,"259,808","4,5","20,904",320,"2,19","318,11",300,318,"299,89","298,00","-2,70",B续2:cell:d:maybe_missing_separator(300); B续2:cell:d:recheck(L=300|S=300); B续2:cell:d_a2:maybe_missing_separator(300); B续2:cell:d_a2:recheck(L=300|S=300); B续2:cell:d_a1:maybe_missing_separator(318); B续2:cell:d_a1:recheck(L=318|S=318); m_src:header_ocr(p41),A续2+B续2
41,10,32,340,32,320,"277,128","4,5","20,904",340,"2,19","338,11",320,338,"319,89","318,00","-2,70",B续2:cell:d:maybe_missing_separator(320); B续2:cell:d:recheck(L=320|S=320); B续2:cell:d_a2:maybe_missing_separator(320); B续2:cell:d_a2:recheck(L=320|S=320); B续2:cell:d_a1:maybe_missing_separator(338); B续2:cell:d_a1:recheck(L=338|S=338); m_src:header_ocr(p41),A续2+B续2
41,10,32,360,34,340,"294,449","4,5","20,904",360,"2,19","358,11",340,358,"339,89","338,00","-2,70",B续2:cell:d:maybe_missing_separator(340); B续2:cell:d:recheck(L=340|S=340); B续2:cell:d_a2:maybe_missing_separator(340); B续2:cell:d_a2:recheck(L=340|S=340); B续2:cell:d_a1:maybe_missing_separator(358); B续2:cell:d_a1:recheck(L=358|S=358); m_src:header_ocr(p41),A续2+B续2
41,10,32,380,36,360,"311,769","4,5","20,904",380,"2,19","378,11",360,378,"359,89","358,00","-2,70",B续2:cell:d:maybe_missing_separator(360); B续2:cell:d:recheck(L=360|S=360); B续2:cell:d_a2:maybe_missing_separator(360); B续2:cell:d_a2:recheck(L=360|S=360); B续2:cell:d_a1:maybe_missing_separator(378); B续2:cell:d_a1:recheck(L=378|S=378); m_src:header_ocr(p41),A续2+B续2
41,10,32,400,38,380,"329,090","4,5","20,904",400,"2,19","398,11",380,398,"379,89","378,00","-2,70",B续2:cell:d:maybe_missing_separator(380); B续2:cell:d:recheck(L=380|S=380); B续2:cell:d_a2:maybe_missing_separator(380); B续2:cell:d_a2:recheck(L=380|S=380); B续2:cell:d_a1:maybe_missing_separator(398); B续2:cell:d_a1:recheck(L=398|S=398); m_src:header_ocr(p41),A续2+B续2
41,10,32,420,40,400,"346,410","4,5","20,904",420,"2,22","418,13",400,418,"399,87","398,00","-2,78",B续2:cell:d:maybe_missing_separator(400); B续2:cell:d:recheck(L=400|S=400); B续2:cell:d_a2:maybe_missing_separator(400); B续2:cell:d_a2:recheck(L=400|S=400); B续2:cell:d_a1:maybe_missing_separator(418); B续2:cell:d_a1:recheck(L=418|S=418); m_src:header_ocr(p41),A续2+B续2
41,10,32,440,42,420,"363,731","4,5","20,904",440,"2,22","438,13",420,438,"419,87","418,00","-2,78",B续2:cell:d:maybe_missing_separator(420); B续2:cell:d:recheck(L=420|S=420); B续2:cell:d_a2:maybe_missing_separator(420); B续2:cell:d_a2:recheck(L=420|S=420); B续2:cell:d_a1:maybe_missing_separator(438); B续2:cell:d_a1:recheck(L=438|S=438); m_src:header_ocr(p41),A续2+B续2
41,10,32,450,44,440,"381,051","-0,5","15,131",450,"2,22","448,13",430,448,"429,87","428,00","-2,78",B续2:cell:d:maybe_missing_separator(440); B续2:cell:d:recheck(L=440|S=440); B续2:cell:d_a2:maybe_missing_separator(430); B续2:cell:d_a2:recheck(L=430|S=430); B续2:cell:d_a1:maybe_missing_separator(448); B续2:cell:d_a1:recheck(L=448|S=448); m_src:header_ocr(p41),A续2+B续2
41,10,32,460,44,440,"381,051","4,5","20,904",460,"2,22","458,13",440,458,"439,87","438,00","-2,78",B续2:cell:d:maybe_missing_separator(440); B续2:cell:d:recheck(L=440|S=440); B续2:cell:d_a2:maybe_missing_separator(440); B续2:cell:d_a2:recheck(L=440|S=440); B续2:cell:d_a1:maybe_missing_separator(458); B续2:cell:d_a1:recheck(L=458|S=458); m_src:header_ocr(p41),A续2+B续2
41,10,32,480,46,460,"398,372","4,5","20,904",480,"2,22","478,13",460,478,"459,87","458,00","-2,78",B续2:cell:d:maybe_missing_separator(460); B续2:cell:d:recheck(L=460|S=460); B续2:cell:d_a2:maybe_missing_separator(460); B续2:cell:d_a2:recheck(L=460|S=460); B续2:cell:d_a1:maybe_missing_separator(478); B续2:cell:d_a1:recheck(L=478|S=478); m_src:header_ocr(p41),A续2+B续2
41,10,32,500,48,480,"415,692","4,5","20,904",500,"2,22","498,13",480,498,"479,87","478,00","-2,78",B续2:cell:d:maybe_missing_separator(480); B续2:cell:d:recheck(L=480|S=480); B续2:cell:d_a2:maybe_missing_separator(480); B续2:cell:d_a2:recheck(L=480|S=480); B续2:cell:d_a1:maybe_missing_separator(498); B续2:cell:d_a1:recheck(L=498|S=498); m_src:header_ocr(p41),A续2+B续2
